playerId,fullName,firstName,lastName,currentAge,birthDate,rookie,primaryPosition,primaryPositionType,currentTeamId
8475968,Alex Belzile,Alex,Belzile,33,1991-08-31,,R,Forward,NYR
8482132,Brett Berard,Brett,Berard,22,2002-09-09,,L,Forward,NYR
8477320,Anton Blidh,Anton,Blidh,29,1995-03-14,,L,Forward,NYR
8477380,Jonny Brodzinski,Jonny,Brodzinski,31,1993-06-19,,C,Forward,NYR
8475842,Sam Carrick,Sam,Carrick,32,1992-02-04,,C,Forward,NYR
8482877,Jaroslav Chmelar,Jaroslav,Chmelar,21,2003-07-20,,R,Forward,NYR
8480078,Filip Chytil,Filip,Chytil,25,1999-09-05,,C,Forward,NYR
8482157,Will Cuylle,Will,Cuylle,22,2002-02-05,,L,Forward,NYR
8481726,Adam Edstrom,Adam,Edstrom,23,2000-10-12,,C,Forward,NYR
8480870,Bo Groulx,Bo,Groulx,24,2000-02-06,,C,Forward,NYR
8481554,Kaapo Kakko,Kaapo,Kakko,23,2001-02-13,,R,Forward,NYR
8482656,Ryder Korczak,Ryder,Korczak,22,2002-09-23,,C,Forward,NYR
8475184,Chris Kreider,Chris,Kreider,33,1991-04-30,,L,Forward,NYR
8482109,Alexis Lafrenière,Alexis,Lafrenière,22,2001-10-11,,L,Forward,NYR
8479991,Jake Leschyshyn,Jake,Leschyshyn,25,1999-03-10,,C,Forward,NYR
8483486,Bryce McConnell-Barker,Bryce,McConnell-Barker,20,2004-06-04,,C,Forward,NYR
8482747,Brennan Othmann,Brennan,Othmann,21,2003-01-05,,L,Forward,NYR
8478550,Artemi Panarin,Artemi,Panarin,32,1991-10-30,,L,Forward,NYR
8482460,Matt Rempe,Matt,Rempe,22,2002-06-29,,C,Forward,NYR
8484461,Dylan Roobroeck,Dylan,Roobroeck,20,2004-07-27,,C,Forward,NYR
8475191,Reilly Smith,Reilly,Smith,33,1991-04-01,,R,Forward,NYR
8483669,Adam Sykora,Adam,Sykora,20,2004-09-07,,L,Forward,NYR
8476389,Vincent Trocheck,Vincent,Trocheck,31,1993-07-11,,C,Forward,NYR
8476918,Jimmy Vesey,Jimmy,Vesey,31,1993-05-26,,L,Forward,NYR
8476459,Mika Zibanejad,Mika,Zibanejad,31,1993-04-18,,C,Forward,NYR
8479578,Casey Fitzgerald,Casey,Fitzgerald,27,1997-02-25,,D,Defenseman,NYR
8479323,Adam Fox,Adam,Fox,26,1998-02-17,,D,Defenseman,NYR
8477433,Ben Harpur,Ben,Harpur,29,1995-01-12,,D,Defenseman,NYR
8481708,Zac Jones,Zac,Jones,23,2000-10-18,,D,Defenseman,NYR
8479324,Ryan Lindgren,Ryan,Lindgren,26,1998-02-11,,D,Defenseman,NYR
8482067,Connor Mackey,Connor,Mackey,28,1996-09-12,,D,Defenseman,NYR
8483768,Victor Mancini,Victor,Mancini,22,2002-05-26,,D,Defenseman,NYR
8480817,K'Andre Miller,K'Andre,Miller,24,2000-01-21,,D,Defenseman,NYR
8481525,Matthew Robertson,Matthew,Robertson,23,2001-03-09,,D,Defenseman,NYR
8477244,Chad Ruhwedel,Chad,Ruhwedel,34,1990-05-07,,D,Defenseman,NYR
8483407,Brandon Scanlin,Brandon,Scanlin,25,1999-06-02,,D,Defenseman,NYR
8482073,Braden Schneider,Braden,Schneider,23,2001-09-20,,D,Defenseman,NYR
8476885,Jacob Trouba,Jacob,Trouba,30,1994-02-26,,D,Defenseman,NYR
8482891,Francesco Arcuri,Francesco,Arcuri,21,2003-06-13,,C,Forward,DAL
8473994,Jamie Benn,Jamie,Benn,35,1989-07-18,,L,Forward,DAL
8476278,Colin Blackwell,Colin,Blackwell,31,1993-03-28,,C,Forward,DAL
8481712,Matěj Blümel,Matěj,Blümel,24,2000-05-31,,R,Forward,DAL
8482145,Mavrik Bourque,Mavrik,Bourque,22,2002-01-08,,C,Forward,DAL
8480840,Oskar Bäck,Oskar,Bäck,24,2000-03-12,,C,Forward,DAL
8474149,Evgenii Dadonov,Evgenii,Dadonov,35,1989-03-12,,R,Forward,DAL
8475168,Matt Duchene,Matt,Duchene,33,1991-01-16,,C,Forward,DAL
8482919,Justin Ertel,Justin,Ertel,21,2003-05-27,,L,Forward,DAL
8478449,Roope Hintz,Roope,Hintz,27,1996-11-17,,C,Forward,DAL
8484829,Justin Hryckowian,Justin,Hryckowian,23,2001-02-23,,C,Forward,DAL
8478888,Cameron Hughes,Cameron,Hughes,27,1996-10-09,,C,Forward,DAL
8484938,Arttu Hyry,Arttu,Hyry,23,2001-04-06,,R,Forward,DAL
8482740,Wyatt Johnston,Wyatt,Johnston,21,2003-05-14,,C,Forward,DAL
8479986,Kole Lind,Kole,Lind,25,1998-10-16,,R,Forward,DAL
8478975,Mason Marchment,Mason,Marchment,29,1995-06-18,,L,Forward,DAL
8483799,Kyle McDonald,Kyle,McDonald,22,2002-02-05,,R,Forward,DAL
8481041,Mathias Emilio Pettersen,Mathias Emilio,Pettersen,24,2000-04-03,,C,Forward,DAL
8480027,Jason Robertson,Jason,Robertson,25,1999-07-22,,L,Forward,DAL
8475794,Tyler Seguin,Tyler,Seguin,32,1992-01-31,,C,Forward,DAL
8483514,Matthew Seminoff,Matthew,Seminoff,20,2003-12-27,,R,Forward,DAL
8482702,Logan Stankoven,Logan,Stankoven,21,2003-02-26,,C,Forward,DAL
8479351,Sam Steel,Sam,Steel,26,1998-02-03,,C,Forward,DAL
8482120,Antonio Stranges,Antonio,Stranges,22,2002-02-05,,L,Forward,DAL
8484124,Chase Wheatcroft,Chase,Wheatcroft,22,2002-05-28,,C,Forward,DAL
8483425,Lian Bichsel,Lian,Bichsel,20,2004-05-18,,D,Defenseman,DAL
8478476,Kyle Capobianco,Kyle,Capobianco,27,1997-08-13,,D,Defenseman,DAL
8476856,Mathew Dumba,Mathew,Dumba,30,1994-07-25,,D,Defenseman,DAL
8481581,Thomas Harley,Thomas,Harley,23,2001-08-19,,D,Defenseman,DAL
8480036,Miro Heiskanen,Miro,Heiskanen,25,1999-07-18,,D,Defenseman,DAL
8484822,Luke Krys,Luke,Krys,23,2000-09-27,,D,Defenseman,DAL
8483470,Christian Kyrou,Christian,Kyrou,21,2003-09-16,,D,Defenseman,DAL
8476902,Esa Lindell,Esa,Lindell,30,1994-05-23,,D,Defenseman,DAL
8480878,Nils Lundkvist,Nils,Lundkvist,24,2000-07-27,,D,Defenseman,DAL
8480950,Ilya Lyubushkin,Ilya,Lyubushkin,30,1994-04-06,,D,Defenseman,DAL
8475755,Alexander Petrovic,Alexander,Petrovic,32,1992-03-03,,D,Defenseman,DAL
8484523,Connor Punnett,Connor,Punnett,21,2003-06-16,,D,Defenseman,DAL
8474090,Brendan Smith,Brendan,Smith,35,1989-02-08,,D,Defenseman,DAL
8483059,Gavin White,Gavin,White,21,2002-11-12,,D,Defenseman,DAL
8478427,Sebastian Aho,Sebastian,Aho,27,1997-07-26,,C,Forward,CAR
8482809,Jackson Blake,Jackson,Blake,21,2003-08-03,,R,Forward,CAR
8477478,William Carrier,William,Carrier,29,1994-12-20,,L,Forward,CAR
8480835,Jack Drury,Jack,Drury,24,2000-02-03,,C,Forward,CAR
8475855,Jesper Fast,Jesper,Fast,32,1991-12-02,,R,Forward,CAR
8482080,Noel Gunler,Noel,Gunler,22,2001-10-07,,R,Forward,CAR
8484929,Juha Jaaska,Juha,Jaaska,26,1998-02-09,,L,Forward,CAR
8482093,Seth Jarvis,Seth,Jarvis,22,2002-02-01,,C,Forward,CAR
8479370,Tyson Jost,Tyson,Jost,26,1998-03-14,,C,Forward,CAR
8480829,Jesperi Kotkaniemi,Jesperi,Kotkaniemi,24,2000-07-06,,C,Forward,CAR
8477962,Brendan Lemieux,Brendan,Lemieux,28,1996-03-15,,L,Forward,CAR
8476921,Jordan Martinook,Jordan,Martinook,32,1992-07-25,,L,Forward,CAR
8484203,Bradly Nadeau,Bradly,Nadeau,19,2005-05-05,,L,Forward,CAR
8480039,Martin Necas,Martin,Necas,25,1999-01-15,,C,Forward,CAR
8482785,Justin Robidas,Justin,Robidas,21,2003-03-13,,C,Forward,CAR
8480762,Eric Robinson,Eric,Robinson,29,1995-06-14,,L,Forward,CAR
8478458,John (Jack) Roslovic,John (Jack),Roslovic,27,1997-01-29,,C,Forward,CAR
8481004,Josiah Slavin,Josiah,Slavin,25,1998-12-31,,L,Forward,CAR
8473533,Jordan Staal,Jordan,Staal,36,1988-09-10,,C,Forward,CAR
8481576,Ryan Suzuki,Ryan,Suzuki,23,2001-05-28,,C,Forward,CAR
8480830,Andrei Svechnikov,Andrei,Svechnikov,24,2000-03-26,,R,Forward,CAR
8483519,Gleb Trikozov,Gleb,Trikozov,20,2004-08-12,,L,Forward,CAR
8484392,Felix Unger Sorum,Felix,Unger Sorum,19,2005-09-14,,R,Forward,CAR
8470613,Brent Burns,Brent,Burns,39,1985-03-09,,D,Defenseman,CAR
8478970,Jalen Chatfield,Jalen,Chatfield,28,1996-05-15,,D,Defenseman,CAR
8481562,Domenick Fensore,Domenick,Fensore,23,2001-09-07,,D,Defenseman,CAR
8476906,Shayne Gostisbehere,Shayne,Gostisbehere,31,1993-04-20,,D,Defenseman,CAR
8482860,Aleksi Heimosalmi,Aleksi,Heimosalmi,21,2003-05-08,,D,Defenseman,CAR
8481615,Anttoni Honka,Anttoni,Honka,23,2000-10-05,,D,Defenseman,CAR
8484428,Charles-Alexis Legault,Charles-Alexis,Legault,21,2003-09-05,,D,Defenseman,CAR
8482666,Scott Morrow,Scott,Morrow,21,2002-11-01,,D,Defenseman,CAR
8475200,Dmitry Orlov,Dmitry,Orlov,33,1991-07-23,,D,Defenseman,CAR
8477046,Joakim Ryan,Joakim,Ryan,31,1993-06-17,,D,Defenseman,CAR
8482187,Ronan Seeley,Ronan,Seeley,22,2002-08-02,,D,Defenseman,CAR
8476958,Jaccob Slavin,Jaccob,Slavin,30,1994-05-01,,D,Defenseman,CAR
8480883,Ty Smith,Ty,Smith,24,2000-03-24,,D,Defenseman,CAR
8479388,Riley Stillman,Riley,Stillman,26,1998-03-09,,D,Defenseman,CAR
8480336,Sean Walker,Sean,Walker,29,1994-11-13,,D,Defenseman,CAR
8479994,Jaret Anderson-Dolan,Jaret,Anderson-Dolan,25,1999-09-12,,C,Forward,WPG
8478891,Mason Appleton,Mason,Appleton,28,1996-01-15,,C,Forward,WPG
8484143,Colby Barlow,Colby,Barlow,19,2005-02-14,,L,Forward,WPG
8480289,Morgan Barron,Morgan,Barron,25,1998-12-02,,C,Forward,WPG
8482787,Nikita Chibrikov,Nikita,Chibrikov,21,2003-02-16,,R,Forward,WPG
8478398,Kyle Connor,Kyle,Connor,27,1996-12-09,,L,Forward,WPG
8477940,Nikolaj Ehlers,Nikolaj,Ehlers,28,1996-02-14,,L,Forward,WPG
8484135,Parker Ford,Parker,Ford,24,2000-07-20,,C,Forward,WPG
8481019,David Gustafsson,David,Gustafsson,24,2000-04-11,,C,Forward,WPG
8480113,Alex Iafallo,Alex,Iafallo,30,1993-12-21,,L,Forward,WPG
8479536,Axel Jonsson-Fjallby,Axel,Jonsson-Fjallby,26,1998-02-10,,L,Forward,WPG
8480845,Rasmus Kupari,Rasmus,Kupari,24,2000-03-15,,C,Forward,WPG
8483471,Brad Lambert,Brad,Lambert,20,2003-12-19,,C,Forward,WPG
8476392,Adam Lowry,Adam,Lowry,31,1993-03-29,,C,Forward,WPG
8476480,Vladislav Namestnikov,Vladislav,Namestnikov,31,1992-11-22,,C,Forward,WPG
8475799,Nino Niederreiter,Nino,Niederreiter,32,1992-09-08,,R,Forward,WPG
8482149,Cole Perfetti,Cole,Perfetti,22,2002-01-01,,C,Forward,WPG
8476460,Mark Scheifele,Mark,Scheifele,31,1993-03-15,,C,Forward,WPG
8479972,Mason Shaw,Mason,Shaw,25,1998-11-03,,C,Forward,WPG
8476952,Dominic Toninato,Dominic,Toninato,30,1994-03-09,,C,Forward,WPG
8482139,Daniel Torgersson,Daniel,Torgersson,22,2002-01-26,,L,Forward,WPG
8480014,Gabriel Vilardi,Gabriel,Vilardi,25,1999-08-16,,C,Forward,WPG
8484242,Brayden Yager,Brayden,Yager,19,2005-01-03,,C,Forward,WPG
8482459,Tyrel Bauer,Tyrel,Bauer,22,2002-03-23,,D,Defenseman,WPG
8479639,Dylan Coghlan,Dylan,Coghlan,26,1998-02-19,,D,Defenseman,WPG
8476331,Dylan DeMelo,Dylan,DeMelo,31,1993-05-01,,D,Defenseman,WPG
8477938,Haydn Fleury,Haydn,Fleury,28,1996-07-08,,D,Defenseman,WPG
8481572,Ville Heinola,Ville,Heinola,23,2001-03-02,,D,Defenseman,WPG
8482920,Dmitry Kuzmin,Dmitry,Kuzmin,21,2003-04-23,,D,Defenseman,WPG
8481547,Simon Lundmark,Simon,Lundmark,23,2000-10-08,,D,Defenseman,WPG
8476525,Colin Miller,Colin,Miller,31,1992-10-29,,D,Defenseman,WPG
8477504,Josh Morrissey,Josh,Morrissey,29,1995-03-28,,D,Defenseman,WPG
8480145,Neal Pionk,Neal,Pionk,29,1995-07-29,,D,Defenseman,WPG
8483510,Elias Salomonsson,Elias,Salomonsson,20,2004-08-31,,D,Defenseman,WPG
8480049,Dylan Samberg,Dylan,Samberg,25,1999-01-24,,D,Defenseman,WPG
8479378,Logan Stanley,Logan,Stanley,26,1998-05-26,,D,Defenseman,WPG
8479335,Rasmus Asplund,Rasmus,Asplund,26,1997-12-03,,C,Forward,FLA
8477493,Aleksander Barkov,Aleksander,Barkov,29,1995-09-02,,C,Forward,FLA
8477935,Sam Bennett,Sam,Bennett,28,1996-06-20,,C,Forward,FLA
8480003,Jesper Boqvist,Jesper,Boqvist,25,1998-10-30,,C,Forward,FLA
8474610,Zac Dalpe,Zac,Dalpe,34,1989-11-01,,C,Forward,FLA
8483740,Josh Davies,Josh,Davies,20,2004-03-24,,L,Forward,FLA
8480025,MacKenzie Entwistle,MacKenzie,Entwistle,25,1999-07-14,,R,Forward,FLA
8479981,Jonah Gadjovich,Jonah,Gadjovich,25,1998-10-12,,L,Forward,FLA
8480825,Patrick Giles,Patrick,Giles,24,2000-01-03,,R,Forward,FLA
8478421,A.J. Greer,A.J.,Greer,27,1996-12-14,,L,Forward,FLA
8479367,William Lockwood,William,Lockwood,26,1998-06-20,,R,Forward,FLA
8482113,Anton Lundell,Anton,Lundell,22,2001-10-03,,C,Forward,FLA
8480185,Eetu Luostarinen,Eetu,Luostarinen,26,1998-09-02,,C,Forward,FLA
8484271,Ryan McAllister,Ryan,McAllister,22,2001-12-19,,C,Forward,FLA
8477931,Tomas Nosek,Tomas,Nosek,32,1992-09-01,,L,Forward,FLA
8484935,Oliver Okuliar,Oliver,Okuliar,24,2000-05-24,,L,Forward,FLA
8477933,Sam Reinhart,Sam,Reinhart,28,1995-11-06,,C,Forward,FLA
8478542,Evan Rodrigues,Evan,Rodrigues,31,1993-07-28,,C,Forward,FLA
8482713,Mackie Samoskevich,Mackie,Samoskevich,21,2002-11-15,,R,Forward,FLA
8483878,Kai Schwindt,Kai,Schwindt,20,2003-12-07,,L,Forward,FLA
8484380,Wilmer Skoog,Wilmer,Skoog,25,1999-07-17,,C,Forward,FLA
8482088,Justin Sourdif,Justin,Sourdif,22,2002-03-24,,R,Forward,FLA
8484834,Ben Steeves,Ben,Steeves,22,2002-05-10,,L,Forward,FLA
8479314,Matthew Tkachuk,Matthew,Tkachuk,26,1997-12-11,,L,Forward,FLA
8477409,Carter Verhaeghe,Carter,Verhaeghe,29,1995-08-14,,C,Forward,FLA
8483771,Sandis Vilmanis,Sandis,Vilmanis,20,2004-01-23,,L,Forward,FLA
8483687,Marek Alscher,Marek,Alscher,20,2004-04-07,,D,Defenseman,FLA
8484304,Uvis Balinskis,Uvis,Balinskis,28,1996-08-01,,D,Defenseman,FLA
8482107,Mike Benning,Mike,Benning,22,2002-01-05,,D,Defenseman,FLA
8481600,Tobias Bjornfot,Tobias,Bjornfot,23,2001-04-06,,D,Defenseman,FLA
8480871,Adam Boqvist,Adam,Boqvist,24,2000-08-15,,D,Defenseman,FLA
8477932,Aaron Ekblad,Aaron,Ekblad,28,1996-02-07,,D,Defenseman,FLA
8478055,Gustav Forsling,Gustav,Forsling,28,1996-06-12,,D,Defenseman,FLA
8484933,Mikulas Hovorka,Mikulas,Hovorka,23,2001-07-01,,D,Defenseman,FLA
8482641,Matt Kiersted,Matt,Kiersted,26,1998-04-14,,D,Defenseman,FLA
8475179,Dmitry Kulikov,Dmitry,Kulikov,33,1990-10-29,,D,Defenseman,FLA
8477034,Jaycob Megna,Jaycob,Megna,31,1992-12-10,,D,Defenseman,FLA
8478859,Niko Mikkola,Niko,Mikkola,28,1996-04-27,,D,Defenseman,FLA
8482734,Evan Nause,Evan,Nause,21,2003-01-20,,D,Defenseman,FLA
8477220,Nate Schmidt,Nate,Schmidt,33,1991-07-16,,D,Defenseman,FLA
8481795,Nathan Staios,Nathan,Staios,23,2001-05-17,,D,Defenseman,FLA
8482098,Zachary Uens,Zachary,Uens,23,2001-05-13,,D,Defenseman,FLA
8482496,Nils Aman,Nils,Aman,24,2000-02-07,,C,Forward,VAN
8483395,Arshdeep Bains,Arshdeep,Bains,23,2001-01-09,,L,Forward,VAN
8476927,Teddy Blueger,Teddy,Blueger,30,1994-08-15,,C,Forward,VAN
8478444,Brock Boeser,Brock,Boeser,27,1997-02-25,,R,Forward,VAN
8478498,Jake DeBrusk,Jake,DeBrusk,27,1996-10-17,,L,Forward,VAN
8476858,Phillip Di Giuseppe,Phillip,Di Giuseppe,30,1993-10-09,,L,Forward,VAN
8478856,Conor Garland,Conor,Garland,28,1996-03-11,,R,Forward,VAN
8478046,Danton Heinen,Danton,Heinen,29,1995-07-05,,L,Forward,VAN
8481535,Nils Hoglander,Nils,Hoglander,23,2000-12-20,,L,Forward,VAN
8478057,Dakota Joshua,Dakota,Joshua,28,1996-05-15,,C,Forward,VAN
8481024,Linus Karlsson,Linus,Karlsson,24,1999-11-16,,C,Forward,VAN
8482918,Danila Klimovich,Danila,Klimovich,21,2003-01-09,,R,Forward,VAN
8483476,Jonathan Lekkerimaki,Jonathan,Lekkerimaki,20,2004-07-24,,R,Forward,VAN
8476468,J.T. Miller,J.T.,Miller,31,1993-03-14,,C,Forward,VAN
8484406,Ty Mueller,Ty,Mueller,21,2003-02-26,,C,Forward,VAN
8483039,Tristen Nielsen,Tristen,Nielsen,24,2000-02-23,,C,Forward,VAN
8480012,Elias Pettersson,Elias,Pettersson,25,1998-11-12,,C,Forward,VAN
8482691,Aatu Raty,Aatu,Raty,21,2002-11-14,,C,Forward,VAN
8484136,Max Sasson,Max,Sasson,24,2000-09-05,,C,Forward,VAN
8480748,Kiefer Sherwood,Kiefer,Sherwood,29,1995-03-31,,L,Forward,VAN
8480979,Nate Smith,Nate,Smith,25,1998-10-19,,C,Forward,VAN
8478466,Daniel Sprong,Daniel,Sprong,27,1997-03-17,,R,Forward,VAN
8480459,Pius Suter,Pius,Suter,28,1996-05-24,,C,Forward,VAN
8478465,Guillaume Brisebois,Guillaume,Brisebois,27,1997-07-21,,D,Defenseman,VAN
8479576,Vincent Desharnais,Vincent,Desharnais,28,1996-05-29,,D,Defenseman,VAN
8484815,Christian Felton,Christian,Felton,24,2000-02-04,,D,Defenseman,VAN
8475762,Derek Forbort,Derek,Forbort,32,1992-03-04,,D,Defenseman,VAN
8478017,Mark Friedman,Mark,Friedman,28,1995-12-25,,D,Defenseman,VAN
8484254,Akito Hirose,Akito,Hirose,25,1999-04-09,,D,Defenseman,VAN
8479425,Filip Hronek,Filip,Hronek,26,1997-11-02,,D,Defenseman,VAN
8480800,Quinn Hughes,Quinn,Hughes,24,1999-10-14,,D,Defenseman,VAN
8478454,Noah Juulsen,Noah,Juulsen,27,1997-04-02,,D,Defenseman,VAN
8483467,Kirill Kudryavtsev,Kirill,Kudryavtsev,20,2004-02-05,,D,Defenseman,VAN
8484287,Cole McWard,Cole,McWard,23,2001-06-09,,D,Defenseman,VAN
8474574,Tyler Myers,Tyler,Myers,34,1990-02-01,,D,Defenseman,VAN
8484202,Sawyer Mynio,Sawyer,Mynio,19,2005-04-30,,D,Defenseman,VAN
8483678,Elias Pettersson,Elias,Pettersson,20,2004-02-16,,D,Defenseman,VAN
8477359,Tucker Poolman,Tucker,Poolman,31,1993-06-08,,D,Defenseman,VAN
8477369,Carson Soucy,Carson,Soucy,30,1994-07-27,,D,Defenseman,VAN
8478846,Christian Wolanin,Christian,Wolanin,29,1995-03-17,,D,Defenseman,VAN
8480808,Jett Woo,Jett,Woo,24,2000-07-27,,D,Defenseman,VAN
8481556,John Beecher,John,Beecher,23,2001-04-05,,C,Forward,BOS
8479638,Justin Brazeau,Justin,Brazeau,26,1998-02-02,,R,Forward,BOS
8477887,Patrick Brown,Patrick,Brown,32,1992-05-29,,C,Forward,BOS
8475745,Charlie Coyle,Charlie,Coyle,32,1992-03-02,,C,Forward,BOS
8482213,Riley Duran,Riley,Duran,22,2002-01-25,,C,Forward,BOS
8481558,John Farinacci,John,Farinacci,23,2001-02-14,,C,Forward,BOS
8479365,Trent Frederic,Trent,Frederic,26,1998-02-11,,C,Forward,BOS
8479987,Morgan Geekie,Morgan,Geekie,26,1998-07-20,,C,Forward,BOS
8482739,Brett Harrison,Brett,Harrison,21,2003-06-07,,C,Forward,BOS
8479368,Max Jones,Max,Jones,26,1998-02-17,,L,Forward,BOS
8480355,Mark Kastelic,Mark,Kastelic,25,1999-03-11,,C,Forward,BOS
8481043,Cole Koepke,Cole,Koepke,26,1998-05-17,,L,Forward,BOS
8482479,Trevor Kuntar,Trevor,Kuntar,23,2001-06-20,,C,Forward,BOS
8479968,Vinni Lettieri,Vinni,Lettieri,29,1995-02-06,,C,Forward,BOS
8477496,Elias Lindholm,Elias,Lindholm,29,1994-12-02,,C,Forward,BOS
8482763,Fabian Lysell,Fabian,Lysell,21,2003-01-19,,R,Forward,BOS
8473419,Brad Marchand,Brad,Marchand,36,1988-05-11,,L,Forward,BOS
8483397,Marc McLaughlin,Marc,McLaughlin,25,1999-07-26,,C,Forward,BOS
8483567,Georgii Merkulov,Georgii,Merkulov,23,2000-10-10,,C,Forward,BOS
8484899,Jaxon Nelson,Jaxon,Nelson,24,2000-03-30,,C,Forward,BOS
8477956,David Pastrnak,David,Pastrnak,28,1996-05-25,,R,Forward,BOS
8483505,Matthew Poitras,Matthew,Poitras,20,2004-03-10,,C,Forward,BOS
8479705,Jeffrey Viel,Jeffrey,Viel,27,1997-01-28,,L,Forward,BOS
8479362,Riley Tufte,Riley,Tufte,26,1998-04-10,,L,Forward,BOS
8478401,Pavel Zacha,Pavel,Zacha,27,1997-04-06,,C,Forward,BOS
8484813,Drew Bavaro,Drew,Bavaro,24,2000-06-10,,D,Defenseman,BOS
8483017,Frederic Brunet,Frederic,Brunet,21,2003-08-21,,D,Defenseman,BOS
8480828,Michael Callahan,Michael,Callahan,25,1999-09-23,,D,Defenseman,BOS
8478443,Brandon Carlo,Brandon,Carlo,27,1996-11-26,,D,Defenseman,BOS
8483438,Jackson Edward,Jackson,Edward,20,2004-02-27,,D,Defenseman,BOS
8476854,Hampus Lindholm,Hampus,Lindholm,30,1994-01-20,,D,Defenseman,BOS
8482511,Mason Lohrei,Mason,Lohrei,23,2001-01-17,,D,Defenseman,BOS
8482893,Ryan Mast,Ryan,Mast,21,2003-01-14,,D,Defenseman,BOS
8479325,Charlie McAvoy,Charlie,McAvoy,26,1997-12-21,,D,Defenseman,BOS
8480070,Ian Mitchell,Ian,Mitchell,25,1999-01-18,,D,Defenseman,BOS
8477851,Jordan Oesterle,Jordan,Oesterle,32,1992-06-25,,D,Defenseman,BOS
8479369,Andrew Peeke,Andrew,Peeke,26,1998-03-17,,D,Defenseman,BOS
8480831,Alec Regula,Alec,Regula,24,2000-08-06,,D,Defenseman,BOS
8482399,Billy Sweezey,Billy,Sweezey,28,1996-02-06,,D,Defenseman,BOS
8478450,Parker Wotherspoon,Parker,Wotherspoon,27,1997-08-24,,D,Defenseman,BOS
8477507,Nikita Zadorov,Nikita,Zadorov,29,1995-04-16,,D,Defenseman,BOS
8482507,Chase Bradley,Chase,Bradley,22,2002-01-09,,L,Forward,COL
8479525,Ross Colton,Ross,Colton,28,1996-09-11,,C,Forward,COL
8484846,Maxmilian Curran,Maxmilian,Curran,18,2006-08-27,,C,Forward,COL
8477494,Jonathan Drouin,Jonathan,Drouin,29,1995-03-28,,L,Forward,COL
8482147,Jean-Luc Foudy,Jean-Luc,Foudy,22,2002-05-13,,C,Forward,COL
8484976,Jere Innala,Jere,Innala,26,1998-03-17,,L,Forward,COL
8483930,Ivan Ivan,Ivan,Ivan,22,2002-08-20,,C,Forward,COL
8480448,Parker Kelly,Parker,Kelly,25,1999-05-14,,C,Forward,COL
8481641,Joel Kiviranta,Joel,Kiviranta,28,1996-03-23,,L,Forward,COL
8481042,Nikolai Kovalenko,Nikolai,Kovalenko,24,1999-10-17,,R,Forward,COL
8477476,Artturi Lehkonen,Artturi,Lehkonen,29,1995-07-04,,L,Forward,COL
8477492,Nathan MacKinnon,Nathan,MacKinnon,29,1995-09-01,,C,Forward,COL
8479999,Casey Mittelstadt,Casey,Mittelstadt,25,1998-11-22,,C,Forward,COL
8481186,Logan O'Connor,Logan,O'Connor,28,1996-08-14,,R,Forward,COL
8482712,Oskar Olausson,Oskar,Olausson,21,2002-11-10,,R,Forward,COL
8484259,Ondrej Pavel,Ondrej,Pavel,24,2000-08-29,,C,Forward,COL
8479547,Matthew Phillips,Matthew,Phillips,26,1998-04-06,,R,Forward,COL
8484255,Jason Polin,Jason,Polin,25,1999-06-17,,R,Forward,COL
8478420,Mikko Rantanen,Mikko,Rantanen,27,1996-10-29,,R,Forward,COL
8484221,Calum Ritchie,Calum,Ritchie,19,2005-01-21,,C,Forward,COL
8481737,Matt Stienburg,Matt,Stienburg,23,2000-10-07,,C,Forward,COL
8476391,T.J. Tynan,T.J.,Tynan,32,1992-02-25,,C,Forward,COL
8475780,Chris Wagner,Chris,Wagner,33,1991-05-27,,R,Forward,COL
8477425,Miles Wood,Miles,Wood,29,1995-09-13,,L,Forward,COL
8483569,Wyatt Aamodt,Wyatt,Aamodt,26,1997-11-22,,D,Defenseman,COL
8482072,Jack Ahcan,Jack,Ahcan,27,1997-05-18,,D,Defenseman,COL
8482676,Sean Behrens,Sean,Behrens,21,2003-03-31,,D,Defenseman,COL
8480073,Erik Brannstrom,Erik,Brannstrom,25,1999-09-02,,D,Defenseman,COL
8475177,Calvin de Haan,Calvin,de Haan,33,1991-05-09,,D,Defenseman,COL
8479398,Samuel Girard,Samuel,Girard,26,1998-05-12,,D,Defenseman,COL
8478430,Oliver Kylington,Oliver,Kylington,27,1997-05-19,,D,Defenseman,COL
8479439,Jacob MacDonald,Jacob,MacDonald,31,1993-02-26,,D,Defenseman,COL
8480069,Cale Makar,Cale,Makar,25,1998-10-30,,D,Defenseman,COL
8484258,Sam Malinski,Sam,Malinski,26,1998-07-27,,D,Defenseman,COL
8476312,Josh Manson,Josh,Manson,32,1991-10-07,,D,Defenseman,COL
8479387,Keaton Middleton,Keaton,Middleton,26,1998-02-10,,D,Defenseman,COL
8480157,Calle Rosen,Calle,Rosen,30,1994-02-02,,D,Defenseman,COL
8478038,Devon Toews,Devon,Toews,30,1994-02-21,,D,Defenseman,COL
8478042,Viktor Arvidsson,Viktor,Arvidsson,31,1993-04-08,,L,Forward,EDM
8484127,Carl Berglund,Carl,Berglund,24,2000-01-16,,C,Forward,EDM
8477015,Connor Brown,Connor,Brown,30,1994-01-14,,R,Forward,EDM
8479465,Drake Caggiula,Drake,Caggiula,30,1994-06-20,,L,Forward,EDM
8477934,Leon Draisaitl,Leon,Draisaitl,28,1995-10-27,,C,Forward,EDM
8482704,Jayden Grubbe,Jayden,Grubbe,21,2003-01-12,,C,Forward,EDM
8480468,James Hamblin,James,Hamblin,25,1999-04-27,,L,Forward,EDM
8474641,Adam Henrique,Adam,Henrique,34,1990-02-06,,C,Forward,EDM
8475786,Zach Hyman,Zach,Hyman,32,1992-06-09,,L,Forward,EDM
8477406,Mattias Janmark,Mattias,Janmark,31,1992-12-08,,C,Forward,EDM
8482162,Roby Jarventie,Roby,Jarventie,22,2002-08-08,,L,Forward,EDM
8475169,Evander Kane,Evander,Kane,33,1991-08-02,,L,Forward,EDM
8481534,Raphael Lavoie,Raphael,Lavoie,24,2000-09-25,,C,Forward,EDM
8478402,Connor McDavid,Connor,McDavid,27,1997-01-13,,C,Forward,EDM
8476454,Ryan Nugent-Hopkins,Ryan,Nugent-Hopkins,31,1993-04-12,,C,Forward,EDM
8478967,Lane Pederson,Lane,Pederson,27,1997-08-04,,C,Forward,EDM
8470621,Corey Perry,Corey,Perry,39,1985-05-16,,R,Forward,EDM
8482718,Matvey Petrov,Matvey,Petrov,21,2003-03-12,,L,Forward,EDM
8481491,Noah Philp,Noah,Philp,26,1998-08-31,,C,Forward,EDM
8481617,Vasily Podkolzin,Vasily,Podkolzin,23,2001-06-24,,R,Forward,EDM
8478585,Derek Ryan,Derek,Ryan,37,1986-12-29,,C,Forward,EDM
8483512,Matt Savoie,Matt,Savoie,20,2004-01-01,,C,Forward,EDM
8475784,Jeff Skinner,Jeff,Skinner,32,1992-05-16,,C,Forward,EDM
8483100,James Stefan,James,Stefan,21,2003-08-09,,R,Forward,EDM
8483847,Brady Stonehouse,Brady,Stonehouse,20,2004-08-06,,R,Forward,EDM
8484139,Beau Akey,Beau,Akey,19,2005-02-11,,D,Defenseman,EDM
8480803,Evan Bouchard,Evan,Bouchard,24,1999-10-20,,D,Defenseman,EDM
8477384,Joshua Brown,Joshua,Brown,30,1994-01-21,,D,Defenseman,EDM
8476941,Connor Carrick,Connor,Carrick,30,1994-04-13,,D,Defenseman,EDM
8479341,Cam Dineen,Cam,Dineen,26,1998-06-19,,D,Defenseman,EDM
8475218,Mattias Ekholm,Mattias,Ekholm,34,1990-05-24,,D,Defenseman,EDM
8480834,Ty Emberson,Ty,Emberson,24,2000-05-23,,D,Defenseman,EDM
8479416,Ben Gleason,Ben,Gleason,26,1998-03-25,,D,Defenseman,EDM
8480202,Noel Hoefenmayer,Noel,Hoefenmayer,25,1999-01-06,,D,Defenseman,EDM
8480274,Philip Kemp,Philip,Kemp,25,1999-02-12,,D,Defenseman,EDM
8476967,Brett Kulak,Brett,Kulak,30,1994-01-06,,D,Defenseman,EDM
8477498,Darnell Nurse,Darnell,Nurse,29,1995-02-04,,D,Defenseman,EDM
8479442,Troy Stecher,Troy,Stecher,30,1994-04-07,,D,Defenseman,EDM
8482902,Maximus Wanner,Maximus,Wanner,21,2003-03-12,,D,Defenseman,EDM
8481720,Nick Abruzzese,Nick,Abruzzese,25,1999-06-04,,C,Forward,TOR
8484158,Easton Cowan,Easton,Cowan,19,2005-05-20,,R,Forward,TOR
8480980,Connor Dewar,Connor,Dewar,25,1999-06-26,,C,Forward,TOR
8477503,Max Domi,Max,Domi,29,1995-03-02,,C,Forward,TOR
8483733,Nikita Grebenkin,Nikita,Grebenkin,21,2003-05-02,,R,Forward,TOR
8482130,Roni Hirvonen,Roni,Hirvonen,22,2002-01-10,,C,Forward,TOR
8480995,Pontus Holmberg,Pontus,Holmberg,25,1999-03-09,,R,Forward,TOR
8475714,Calle Jarnkrok,Calle,Jarnkrok,33,1991-09-25,,C,Forward,TOR
8480144,David Kampf,David,Kampf,29,1995-01-12,,C,Forward,TOR
8482720,Matthew Knies,Matthew,Knies,21,2002-10-17,,L,Forward,TOR
8482741,Braeden Kressler,Braeden,Kressler,21,2003-01-05,,C,Forward,TOR
8478483,Mitch Marner,Mitch,Marner,27,1997-05-05,,R,Forward,TOR
8479318,Auston Matthews,Auston,Matthews,27,1997-09-17,,C,Forward,TOR
8482259,Bobby McMann,Bobby,McMann,28,1996-06-15,,C,Forward,TOR
8483489,Fraser Minten,Fraser,Minten,20,2004-07-05,,C,Forward,TOR
8477939,William Nylander,William,Nylander,28,1996-05-01,,R,Forward,TOR
8480249,Cedric Pare,Cedric,Pare,25,1999-01-24,,C,Forward,TOR
8484901,Jacob Quillan,Jacob,Quillan,22,2002-02-02,,C,Forward,TOR
8471817,Ryan Reaves,Ryan,Reaves,37,1987-01-20,,R,Forward,TOR
8481582,Nicholas Robertson,Nicholas,Robertson,23,2001-09-11,,L,Forward,TOR
8482634,Alex Steeves,Alex,Steeves,24,1999-12-10,,C,Forward,TOR
8475166,John Tavares,John,Tavares,34,1990-09-20,,C,Forward,TOR
8482525,Ryan Tverberg,Ryan,Tverberg,22,2002-01-30,,C,Forward,TOR
8482880,Ty Voit,Ty,Voit,21,2003-06-10,,L,Forward,TOR
8481122,Simon Benoit,Simon,Benoit,26,1998-09-19,,D,Defenseman,TOR
8484805,Ben Danford,Ben,Danford,18,2006-02-06,,D,Defenseman,TOR
8475171,Oliver Ekman-Larsson,Oliver,Ekman-Larsson,33,1991-07-17,,D,Defenseman,TOR
8475825,Jani Hakanpää,Jani,Hakanpää,32,1992-03-31,,D,Defenseman,TOR
8481614,Mikko Kokkonen,Mikko,Kokkonen,23,2001-01-18,,D,Defenseman,TOR
8480043,Timothy Liljegren,Timothy,Liljegren,25,1999-04-30,,D,Defenseman,TOR
8479555,Nicolas Mattinen,Nicolas,Mattinen,26,1998-03-05,,D,Defenseman,TOR
8476931,Jake McCabe,Jake,McCabe,30,1993-10-12,,D,Defenseman,TOR
8477541,Dakota Mermis,Dakota,Mermis,30,1994-01-05,,D,Defenseman,TOR
8479026,Philippe Myers,Philippe,Myers,27,1997-01-25,,D,Defenseman,TOR
8482158,Topi Niemela,Topi,Niemela,22,2002-03-25,,D,Defenseman,TOR
8476853,Morgan Rielly,Morgan,Rielly,30,1994-03-09,,D,Defenseman,TOR
8483546,Marshall Rifai,Marshall,Rifai,26,1998-03-16,,D,Defenseman,TOR
8475690,Chris Tanev,Chris,Tanev,34,1989-12-20,,D,Defenseman,TOR
8479982,Conor Timmins,Conor,Timmins,26,1998-09-18,,D,Defenseman,TOR
8482174,William Villeneuve,William,Villeneuve,22,2002-03-20,,D,Defenseman,TOR
8481570,Cade Webber,Cade,Webber,23,2001-01-05,,D,Defenseman,TOR
8478074,Anthony Angello,Anthony,Angello,28,1996-03-06,,C,Forward,NSH
8476539,Jonathan Marchessault,Jonathan,Marchessault,33,1990-12-27,,C,Forward,NSH
8479356,Kieffer Bellows,Kieffer,Bellows,26,1998-06-10,,L,Forward,NSH
8482146,Luke Evangelista,Luke,Evangelista,22,2002-02-21,,R,Forward,NSH
8476887,Filip Forsberg,Filip,Forsberg,30,1994-08-13,,L,Forward,NSH
8483000,Jordan Frasca,Jordan,Frasca,23,2001-07-05,,C,Forward,NSH
8485005,Hiroki Gojsic,Hiroki,Gojsic,18,2006-05-01,,R,Forward,NSH
8476994,Vinnie Hinostroza,Vinnie,Hinostroza,30,1994-04-03,,C,Forward,NSH
8476873,Mark Jankowski,Mark,Jankowski,30,1994-09-13,,C,Forward,NSH
8483465,Joakim Kemell,Joakim,Kemell,20,2004-04-27,,R,Forward,NSH
8482742,Zachary L'Heureux,Zachary,L'Heureux,21,2003-05-15,,L,Forward,NSH
8481422,Jake Lucchini,Jake,Lucchini,29,1995-05-09,,C,Forward,NSH
8477446,Michael McCarron,Michael,McCarron,29,1995-03-07,,R,Forward,NSH
8481817,Navrin Mutter,Navrin,Mutter,23,2001-03-15,,L,Forward,NSH
8478438,Tommy Novak,Tommy,Novak,27,1997-04-28,,C,Forward,NSH
8474679,Gustav Nyquist,Gustav,Nyquist,35,1989-09-01,,C,Forward,NSH
8475158,Ryan O'Reilly,Ryan,O'Reilly,33,1991-02-07,,C,Forward,NSH
8481704,Juuso Parssinen,Juuso,Parssinen,23,2001-02-01,,C,Forward,NSH
8483513,Reid Schaefer,Reid,Schaefer,21,2003-09-21,,L,Forward,NSH
8476925,Colton Sissons,Colton,Sissons,30,1993-11-05,,C,Forward,NSH
8482062,Cole Smith,Cole,Smith,28,1995-10-28,,L,Forward,NSH
8474564,Steven Stamkos,Steven,Stamkos,34,1990-02-07,,C,Forward,NSH
8482768,Fedor Svechkov,Fedor,Svechkov,21,2003-04-05,,C,Forward,NSH
8481577,Philip Tomasino,Philip,Tomasino,23,2001-07-28,,C,Forward,NSH
8482103,Ozzy Wiesblatt,Ozzy,Wiesblatt,22,2002-03-09,,R,Forward,NSH
8483565,Nick Blankenburg,Nick,Blankenburg,26,1998-05-12,,D,Defenseman,NSH
8478851,Alexandre Carrier,Alexandre,Carrier,27,1996-10-08,,D,Defenseman,NSH
8481743,Marc Del Gaizo,Marc,Del Gaizo,24,1999-10-11,,D,Defenseman,NSH
8479371,Dante Fabbro,Dante,Fabbro,26,1998-06-20,,D,Defenseman,NSH
8484174,Andrew Gibson,Andrew,Gibson,19,2005-02-13,,D,Defenseman,NSH
8475857,Kevin Gravel,Kevin,Gravel,32,1992-03-06,,D,Defenseman,NSH
8483086,Jeremy Hanzel,Jeremy,Hanzel,21,2003-02-27,,D,Defenseman,NSH
8474600,Roman Josi,Roman,Josi,34,1990-06-01,,D,Defenseman,NSH
8478468,Jeremy Lauzon,Jeremy,Lauzon,27,1997-04-28,,D,Defenseman,NSH
8484256,Jake Livingstone,Jake,Livingstone,25,1999-04-16,,D,Defenseman,NSH
8482808,Jack Matier,Jack,Matier,21,2003-04-08,,D,Defenseman,NSH
8484196,Tanner Molendyk,Tanner,Molendyk,19,2005-02-03,,D,Defenseman,NSH
8482091,Luke Prokop,Luke,Prokop,22,2002-05-06,,D,Defenseman,NSH
8474568,Luke Schenn,Luke,Schenn,34,1989-11-02,,D,Defenseman,NSH
8476869,Brady Skjei,Brady,Skjei,30,1994-03-26,,D,Defenseman,NSH
8481056,Spencer Stastney,Spencer,Stastney,24,2000-01-04,,D,Defenseman,NSH
8482715,Ryan Ufko,Ryan,Ufko,21,2003-05-07,,D,Defenseman,NSH
8482482,Adam Wilsby,Adam,Wilsby,24,2000-08-07,,D,Defenseman,NSH
8482124,Quinton Byfield,Quinton,Byfield,22,2002-08-19,,R,Forward,LAK
8482160,Martin Chromiak,Martin,Chromiak,22,2002-08-20,,R,Forward,LAK
8476479,Phillip Danault,Phillip,Danault,31,1993-02-24,,C,Forward,LAK
8477942,Kevin Fiala,Kevin,Fiala,28,1996-07-22,,L,Forward,LAK
8477998,Warren Foegele,Warren,Foegele,28,1996-04-01,,L,Forward,LAK
8478446,Glenn Gawdin,Glenn,Gawdin,27,1997-03-25,,C,Forward,LAK
8484802,Liam Greentree,Liam,Greentree,18,2006-01-01,,R,Forward,LAK
8482466,Aatu Jamsen,Aatu,Jamsen,22,2002-07-22,,R,Forward,LAK
8479661,Tanner Jeannot,Tanner,Jeannot,27,1997-05-29,,L,Forward,LAK
8481560,Arthur Kaliyev,Arthur,Kaliyev,23,2001-06-26,,R,Forward,LAK
8477960,Adrian Kempe,Adrian,Kempe,28,1996-09-13,,R,Forward,LAK
8471685,Anze Kopitar,Anze,Kopitar,37,1987-08-24,,C,Forward,LAK
8482155,Alex Laferriere,Alex,Laferriere,22,2001-10-28,,R,Forward,LAK
8483052,Kaleb Lawrence,Kaleb,Lawrence,21,2003-01-10,,C,Forward,LAK
8473453,Trevor Lewis,Trevor,Lewis,37,1987-01-08,,C,Forward,LAK
8480805,Tyler Madden,Tyler,Madden,24,1999-11-09,,C,Forward,LAK
8482408,Jeff Malott,Jeff,Malott,28,1996-08-07,,L,Forward,LAK
8479675,Trevor Moore,Trevor,Moore,29,1995-03-31,,L,Forward,LAK
8482748,Francesco Pinelli,Francesco,Pinelli,21,2003-04-11,,C,Forward,LAK
8480021,Jack Studnicka,Jack,Studnicka,25,1999-02-18,,C,Forward,LAK
8480851,Akil Thomas,Akil,Thomas,24,2000-01-02,,C,Forward,LAK
8481532,Alex Turcotte,Alex,Turcotte,23,2001-02-26,,C,Forward,LAK
8483406,Taylor Ward,Taylor,Ward,26,1998-03-31,,R,Forward,LAK
8484243,Koehn Ziemmer,Koehn,Ziemmer,19,2004-12-08,,R,Forward,LAK
8479998,Mikey Anderson,Mikey,Anderson,25,1999-05-25,,D,Defenseman,LAK
8483699,Angus Booth,Angus,Booth,20,2004-04-27,,D,Defenseman,LAK
8477335,Kyle Burroughs,Kyle,Burroughs,29,1995-07-12,,D,Defenseman,LAK
8482730,Brandt Clarke,Brandt,Clarke,21,2003-02-09,,D,Defenseman,LAK
8474563,Drew Doughty,Drew,Doughty,34,1989-12-08,,D,Defenseman,LAK
8484163,Jakub Dvorak,Jakub,Dvorak,19,2005-05-25,,D,Defenseman,LAK
8476441,Joel Edmundson,Joel,Edmundson,31,1993-06-28,,D,Defenseman,LAK
8477971,Andreas Englund,Andreas,Englund,28,1996-01-21,,D,Defenseman,LAK
8478882,Vladislav Gavrikov,Vladislav,Gavrikov,28,1995-11-21,,D,Defenseman,LAK
8478176,Joe Hicketts,Joe,Hicketts,28,1996-05-04,,D,Defenseman,LAK
8478452,Caleb Jones,Caleb,Jones,27,1997-06-06,,D,Defenseman,LAK
8481051,Cole Krygier,Cole,Krygier,24,2000-05-05,,D,Defenseman,LAK
8479421,Jacob Moverare,Jacob,Moverare,26,1998-08-31,,D,Defenseman,LAK
8481606,Jordan Spence,Jordan,Spence,23,2001-02-24,,D,Defenseman,LAK
8480054,Reilly Walsh,Reilly,Walsh,25,1999-04-21,,D,Defenseman,LAK
8474715,Cameron Atkinson,Cameron,Atkinson,35,1989-06-05,,R,Forward,TBL
8482070,Mitchell Chaffee,Mitchell,Chaffee,26,1998-01-26,,R,Forward,TBL
8478519,Anthony Cirelli,Anthony,Cirelli,27,1997-07-15,,C,Forward,TBL
8482663,Dylan Duke,Dylan,Duke,21,2003-03-04,,L,Forward,TBL
8482454,Jaydon Dureau,Jaydon,Dureau,23,2001-01-20,,L,Forward,TBL
8483437,Lucas Edmonds,Lucas,Edmonds,23,2001-01-27,,R,Forward,TBL
8479591,Michael Eyssimont,Michael,Eyssimont,28,1996-09-09,,C,Forward,TBL
8482090,Jack Finley,Jack,Finley,22,2002-09-02,,C,Forward,TBL
8480863,Gabriel Fortier,Gabriel,Fortier,24,2000-02-06,,L,Forward,TBL
8484173,Ethan Gauthier,Ethan,Gauthier,19,2005-01-26,,R,Forward,TBL
8483447,Conor Geekie,Conor,Geekie,20,2004-05-05,,C,Forward,TBL
8476878,Zemgus Girgensons,Zemgus,Girgensons,30,1994-01-05,,C,Forward,TBL
8476822,Luke Glendening,Luke,Glendening,35,1989-04-28,,C,Forward,TBL
8482201,Gage Goncalves,Gage,Goncalves,23,2001-01-16,,C,Forward,TBL
8482168,Maxim Groshev,Maxim,Groshev,22,2001-12-14,,R,Forward,TBL
8477404,Jake Guentzel,Jake,Guentzel,29,1994-10-06,,C,Forward,TBL
8479542,Brandon Hagel,Brandon,Hagel,26,1998-08-27,,L,Forward,TBL
8482757,Niko Huuhtanen,Niko,Huuhtanen,21,2003-06-26,,R,Forward,TBL
8476453,Nikita Kucherov,Nikita,Kucherov,31,1993-06-17,,R,Forward,TBL
8477426,Nicholas Paul,Nicholas,Paul,29,1995-03-20,,L,Forward,TBL
8478010,Brayden Point,Brayden,Point,28,1996-03-13,,C,Forward,TBL
8483921,Milo Roelens,Milo,Roelens,21,2003-01-16,,C,Forward,TBL
8477839,Conor Sheary,Conor,Sheary,32,1992-06-08,,L,Forward,TBL
8482449,Lukas Svejkovsky,Lukas,Svejkovsky,22,2001-11-28,,C,Forward,TBL
8484507,Gabriel Szturc,Gabriel,Szturc,21,2003-09-24,,C,Forward,TBL
8483398,Declan Carlile,Declan,Carlile,24,2000-05-18,,D,Defenseman,TBL
8478416,Erik Cernak,Erik,Cernak,27,1997-05-28,,D,Defenseman,TBL
8481719,Maxwell Crozier,Maxwell,Crozier,24,2000-04-19,,D,Defenseman,TBL
8483692,Dyllan Gill,Dyllan,Gill,20,2004-06-07,,D,Defenseman,TBL
8475167,Victor Hedman,Victor,Hedman,33,1990-12-18,,D,Defenseman,TBL
8482929,Emil Lilleberg,Emil,Lilleberg,23,2001-02-02,,D,Defenseman,TBL
8474151,Ryan McDonagh,Ryan,McDonagh,35,1989-06-13,,D,Defenseman,TBL
8482655,Janis Moser,Janis,Moser,24,2000-06-06,,D,Defenseman,TBL
8481110,Tobie Paquette-Bisson,Tobie,Paquette-Bisson,27,1997-02-01,,D,Defenseman,TBL
8480246,Nick Perbix,Nick,Perbix,26,1998-06-15,,D,Defenseman,TBL
8478178,Darren Raddysh,Darren,Raddysh,28,1996-02-28,,D,Defenseman,TBL
8477463,Steven Santini,Steven,Santini,29,1995-03-07,,D,Defenseman,TBL
8482693,Roman Schmidt,Roman,Schmidt,21,2003-02-27,,D,Defenseman,TBL
8479944,Zach Aston-Reese,Zach,Aston-Reese,30,1994-08-10,,C,Forward,VGK
8477964,Ivan Barbashev,Ivan,Barbashev,28,1995-12-14,,C,Forward,VGK
8482724,Jakub Brabenec,Jakub,Brabenec,21,2003-09-11,,C,Forward,VGK
8482153,Brendan Brisson,Brendan,Brisson,22,2001-10-22,,C,Forward,VGK
8482250,Callahan Burke,Callahan,Burke,27,1997-03-19,,C,Forward,VGK
8484155,Mathieu Cataford,Mathieu,Cataford,19,2005-03-01,,C,Forward,VGK
8482933,Jakub Demek,Jakub,Demek,21,2003-06-06,,C,Forward,VGK
8480844,Grigori Denisenko,Grigori,Denisenko,24,2000-06-24,,L,Forward,VGK
8481604,Pavel Dorofeyev,Pavel,Dorofeyev,23,2000-10-26,,L,Forward,VGK
8478403,Jack Eichel,Jack,Eichel,27,1996-10-28,,C,Forward,VGK
8477419,Mason Geertsen,Mason,Geertsen,29,1995-04-19,,L,Forward,VGK
8483451,Jordan Gustafson,Jordan,Gustafson,20,2004-01-20,,C,Forward,VGK
8483748,Ben Hemmerling,Ben,Hemmerling,20,2004-04-21,,R,Forward,VGK
8476881,Tomas Hertl,Tomas,Hertl,30,1993-11-12,,C,Forward,VGK
8482125,Alexander Holtz,Alexander,Holtz,22,2002-01-23,,R,Forward,VGK
8479353,Brett Howden,Brett,Howden,26,1998-03-29,,C,Forward,VGK
8476448,William Karlsson,William,Karlsson,31,1993-01-08,,C,Forward,VGK
8478434,Keegan Kolesar,Keegan,Kolesar,27,1997-04-08,,R,Forward,VGK
8479550,Tanner Laczynski,Tanner,Laczynski,27,1997-06-01,,C,Forward,VGK
8481462,Mason Morelli,Mason,Morelli,28,1996-02-01,,L,Forward,VGK
8478109,Victor Olofsson,Victor,Olofsson,29,1995-07-18,,R,Forward,VGK
8479748,Gage Quinney,Gage,Quinney,29,1995-07-29,,C,Forward,VGK
8480007,Jonas Rondbjerg,Jonas,Rondbjerg,25,1999-03-31,,R,Forward,VGK
8478462,Nicolas Roy,Nicolas,Roy,27,1997-02-05,,C,Forward,VGK
8483511,Matyas Sapovaliv,Matyas,Sapovaliv,20,2004-02-12,,C,Forward,VGK
8475913,Mark Stone,Mark,Stone,32,1992-05-13,,R,Forward,VGK
8482688,Daniil Chayka,Daniil,Chayka,21,2002-10-22,,D,Defenseman,VGK
8482141,Lukas Cormier,Lukas,Cormier,22,2002-03-27,,D,Defenseman,VGK
8483829,Joe Fleming,Joe,Fleming,21,2003-06-19,,D,Defenseman,VGK
8477462,Robert Hagg,Robert,Hagg,29,1995-02-08,,D,Defenseman,VGK
8479980,Nicolas Hague,Nicolas,Hague,25,1998-12-05,,D,Defenseman,VGK
8478396,Noah Hanifin,Noah,Hanifin,27,1997-01-25,,D,Defenseman,VGK
8477018,Ben Hutton,Ben,Hutton,31,1993-04-20,,D,Defenseman,VGK
8481527,Kaedan Korczak,Kaedan,Korczak,23,2001-01-29,,D,Defenseman,VGK
8478062,Dysin Mayo,Dysin,Mayo,28,1996-08-17,,D,Defenseman,VGK
8475188,Brayden McNabb,Brayden,McNabb,33,1991-01-21,,D,Defenseman,VGK
8474565,Alex Pietrangelo,Alex,Pietrangelo,34,1990-01-18,,D,Defenseman,VGK
8482138,Christoffer Sedoff,Christoffer,Sedoff,22,2002-02-20,,D,Defenseman,VGK
8477447,Shea Theodore,Shea,Theodore,29,1995-08-03,,D,Defenseman,VGK
8480727,Zach Whitecloud,Zach,Whitecloud,27,1996-11-28,,D,Defenseman,VGK
8478445,Mathew Barzal,Mathew,Barzal,27,1997-05-26,,C,Forward,NYI
8475231,Casey Cizikas,Casey,Cizikas,33,1991-02-27,,C,Forward,NYI
8477407,Anthony Duclair,Anthony,Duclair,29,1995-08-26,,L,Forward,NYI
8482207,William Dufour,William,Dufour,22,2002-01-28,,R,Forward,NYI
8478115,Pierre Engvall,Pierre,Engvall,28,1996-05-31,,L,Forward,NYI
8477392,Hudson Fasching,Hudson,Fasching,29,1995-07-28,,R,Forward,NYI
8480853,Liam Foudy,Liam,Foudy,24,2000-02-04,,C,Forward,NYI
8483553,Marc Gatcomb,Marc,Gatcomb,25,1999-07-22,,C,Forward,NYI
8479328,Julien Gauthier,Julien,Gauthier,26,1997-10-15,,R,Forward,NYI
8481601,Simon Holmstrom,Simon,Holmstrom,23,2001-05-24,,R,Forward,NYI
8477500,Bo Horvat,Bo,Horvat,29,1995-04-05,,C,Forward,NYI
8482154,Alex Jefferies,Alex,Jefferies,22,2001-11-08,,L,Forward,NYI
8479518,Fredrik Karlstrom,Fredrik,Karlstrom,26,1998-01-12,,C,Forward,NYI
8483104,Daylan Kuefler,Daylan,Kuefler,22,2002-02-10,,L,Forward,NYI
8475314,Anders Lee,Anders,Lee,34,1990-07-03,,L,Forward,NYI
8482882,Eetu Liukas,Eetu,Liukas,22,2002-09-25,,L,Forward,NYI
8481237,Kyle MacLean,Kyle,MacLean,25,1999-04-29,,C,Forward,NYI
8483062,Matthew Maggio,Matthew,Maggio,21,2002-11-25,,R,Forward,NYI
8475754,Brock Nelson,Brock,Nelson,32,1991-10-15,,C,Forward,NYI
8484208,Jesse Nurmi,Jesse,Nurmi,19,2005-03-07,,L,Forward,NYI
8476419,Jean-Gabriel Pageau,Jean-Gabriel,Pageau,31,1992-11-11,,C,Forward,NYI
8475151,Kyle Palmieri,Kyle,Palmieri,33,1991-02-01,,C,Forward,NYI
8484830,Camden Thiesing,Camden,Thiesing,23,2001-03-26,,C,Forward,NYI
8481740,Tyce Thompson,Tyce,Thompson,25,1999-07-12,,R,Forward,NYI
8484958,Maxim Tsyplakov,Maxim,Tsyplakov,26,1998-09-19,,R,Forward,NYI
8480789,Oliver Wahlstrom,Oliver,Wahlstrom,24,2000-06-13,,R,Forward,NYI
8481541,Samuel Bolduc,Samuel,Bolduc,23,2000-12-09,,D,Defenseman,NYI
8479395,Dennis Cholowski,Dennis,Cholowski,26,1998-02-15,,D,Defenseman,NYI
8480865,Noah Dobson,Noah,Dobson,24,2000-01-07,,D,Defenseman,NYI
8484263,Aidan Fulp,Aidan,Fulp,24,2000-02-29,,D,Defenseman,NYI
8483448,Isaiah George,Isaiah,George,20,2004-02-15,,D,Defenseman,NYI
8480306,Grant Hutton,Grant,Hutton,29,1995-07-25,,D,Defenseman,NYI
8476429,Scott Mayfield,Scott,Mayfield,31,1992-10-14,,D,Defenseman,NYI
8484262,Travis Mitchell,Travis,Mitchell,24,1999-11-25,,D,Defenseman,NYI
8483498,Calle Odelius,Calle,Odelius,20,2004-05-30,,D,Defenseman,NYI
8476917,Adam Pelech,Adam,Pelech,30,1994-08-16,,D,Defenseman,NYI
8484766,Jesse Pulkkinen,Jesse,Pulkkinen,19,2004-12-27,,D,Defenseman,NYI
8477506,Ryan Pulock,Ryan,Pulock,29,1994-10-06,,D,Defenseman,NYI
8476422,Mike Reilly,Mike,Reilly,31,1993-07-13,,D,Defenseman,NYI
8481014,Alexander Romanov,Alexander,Romanov,24,2000-01-06,,D,Defenseman,NYI
8481569,Marshall Warren,Marshall,Warren,23,2001-04-20,,D,Defenseman,NYI
8481543,Nikita Alexandrov,Nikita,Alexandrov,24,2000-09-16,,C,Forward,STL
8482737,Zack Bolduc,Zack,Bolduc,21,2003-02-24,,C,Forward,STL
8477402,Pavel Buchnevich,Pavel,Buchnevich,29,1995-04-17,,L,Forward,STL
8482784,Zach Dean,Zach,Dean,21,2003-01-04,,C,Forward,STL
8482156,Tanner Dickinson,Tanner,Dickinson,22,2002-03-05,,C,Forward,STL
8484164,Dalibor Dvorsky,Dalibor,Dvorsky,19,2005-06-15,,C,Forward,STL
8476889,Radek Faksa,Radek,Faksa,30,1994-01-09,,C,Forward,STL
8482077,Dylan Holloway,Dylan,Holloway,23,2001-09-23,,C,Forward,STL
8478472,Mathieu Joseph,Mathieu,Joseph,27,1997-02-09,,R,Forward,STL
8477953,Kasperi Kapanen,Kasperi,Kapanen,28,1996-07-23,,R,Forward,STL
8483463,Aleksanteri Kaskimaki,Aleksanteri,Kaskimaki,20,2004-02-06,,C,Forward,STL
8479385,Jordan Kyrou,Jordan,Kyrou,26,1998-05-05,,C,Forward,STL
8481000,Mathias Laferriere,Mathias,Laferriere,24,2000-06-27,,R,Forward,STL
8482089,Jake Neighbours,Jake,Neighbours,22,2002-03-29,,L,Forward,STL
8482121,Dylan Peterson,Dylan,Peterson,22,2002-01-08,,C,Forward,STL
8482716,Simon Robertsson,Simon,Robertsson,21,2003-02-05,,R,Forward,STL
8476438,Brandon Saad,Brandon,Saad,31,1992-10-27,,L,Forward,STL
8475170,Brayden Schenn,Brayden,Schenn,33,1991-08-22,,C,Forward,STL
8476897,Oskar Sundqvist,Oskar,Sundqvist,30,1994-03-23,,C,Forward,STL
8484951,Marcus Sylvegard,Marcus,Sylvegard,25,1999-05-04,,R,Forward,STL
8480074,Alexandre Texier,Alexandre,Texier,25,1999-09-13,,C,Forward,STL
8480023,Robert Thomas,Robert,Thomas,25,1999-07-02,,C,Forward,STL
8480281,Alexey Toropchenko,Alexey,Toropchenko,25,1999-06-25,,R,Forward,STL
8477573,Nathan Walker,Nathan,Walker,30,1994-02-07,,L,Forward,STL
8483061,Jeremie Biakabutuka,Jeremie,Biakabutuka,22,2002-03-05,,D,Defenseman,STL
8481598,Philip Broberg,Philip,Broberg,23,2001-06-25,,D,Defenseman,STL
8483427,Michael Buchinger,Michael,Buchinger,20,2004-04-25,,D,Defenseman,STL
8475753,Justin Faulk,Justin,Faulk,32,1992-03-20,,D,Defenseman,STL
8483764,Marc-Andre Gaudet,Marc-Andre,Gaudet,20,2003-10-24,,D,Defenseman,STL
8484790,Adam Jiricek,Adam,Jiricek,18,2006-06-28,,D,Defenseman,STL
8482499,Samuel Johannesson,Samuel,Johannesson,23,2000-12-27,,D,Defenseman,STL
8480058,Pierre-Olivier Joseph,Pierre-Olivier,Joseph,25,1999-07-01,,D,Defenseman,STL
8482516,Matthew Kessel,Matthew,Kessel,24,2000-06-23,,D,Defenseman,STL
8476792,Torey Krug,Torey,Krug,33,1991-04-12,,D,Defenseman,STL
8475181,Nick Leddy,Nick,Leddy,33,1991-03-20,,D,Defenseman,STL
8482478,Leo Loof,Leo,Loof,22,2002-04-25,,D,Defenseman,STL
8484114,Anton Malmstrom,Anton,Malmstrom,24,2000-03-08,,D,Defenseman,STL
8476892,Colton Parayko,Colton,Parayko,31,1993-05-12,,D,Defenseman,STL
8481059,Scott Perunovich,Scott,Perunovich,26,1998-08-18,,D,Defenseman,STL
8481461,Corey Schueneman,Corey,Schueneman,29,1995-09-02,,D,Defenseman,STL
8481715,Hunter Skinner,Hunter,Skinner,23,2001-04-29,,D,Defenseman,STL
8470600,Ryan Suter,Ryan,Suter,39,1985-01-21,,D,Defenseman,STL
8481006,Tyler Tucker,Tyler,Tucker,24,2000-03-01,,D,Defenseman,STL
8473563,Nicklas Backstrom,Nicklas,Backstrom,36,1987-11-23,,C,Forward,WSH
8475343,Nic Dowd,Nic,Dowd,34,1990-05-27,,C,Forward,WSH
8479400,Pierre-Luc Dubois,Pierre-Luc,Dubois,26,1998-06-24,,L,Forward,WSH
8479520,Brandon Duhaime,Brandon,Duhaime,27,1997-05-22,,R,Forward,WSH
8482148,Hendrix Lapierre,Hendrix,Lapierre,22,2002-02-09,,C,Forward,WSH
8478233,Andrew Mangiapane,Andrew,Mangiapane,28,1996-04-04,,L,Forward,WSH
8481580,Connor McMichael,Connor,McMichael,23,2001-01-15,,C,Forward,WSH
8477947,Sonny Milano,Sonny,Milano,28,1996-05-12,,L,Forward,WSH
8483491,Ivan Miroshnichenko,Ivan,Miroshnichenko,20,2004-02-04,,L,Forward,WSH
8471698,T.J. Oshie,T.J.,Oshie,37,1986-12-23,,R,Forward,WSH
8471214,Alex Ovechkin,Alex,Ovechkin,39,1985-09-17,,L,Forward,WSH
8481656,Aliaksei Protas,Aliaksei,Protas,23,2001-01-06,,C,Forward,WSH
8479390,Taylor Raddysh,Taylor,Raddysh,26,1998-02-18,,R,Forward,WSH
8478440,Dylan Strome,Dylan,Strome,27,1997-03-07,,C,Forward,WSH
8476880,Tom Wilson,Tom,Wilson,30,1994-03-29,,R,Forward,WSH
8480823,Alexander Alexeyev,Alexander,Alexeyev,24,1999-11-15,,D,Defenseman,WSH
8478451,Ethan Bear,Ethan,Bear,27,1997-06-26,,D,Defenseman,WSH
8474590,John Carlson,John,Carlson,34,1990-01-10,,D,Defenseman,WSH
8479345,Jakob Chychrun,Jakob,Chychrun,26,1998-03-31,,D,Defenseman,WSH
8480796,Martin Fehervary,Martin,Fehervary,24,1999-10-06,,D,Defenseman,WSH
8478911,Matt Roy,Matt,Roy,29,1995-03-01,,D,Defenseman,WSH
8480873,Rasmus Sandin,Rasmus,Sandin,24,2000-03-07,,D,Defenseman,WSH
8477845,Trevor van Riemsdyk,Trevor,van Riemsdyk,33,1991-07-24,,D,Defenseman,WSH
8481013,Jonatan Berggren,Jonatan,Berggren,24,2000-07-16,,R,Forward,DET
8484794,Michael Brandsegg-Nygård,Michael,Brandsegg-Nygård,18,2005-10-05,,R,Forward,DET
8477456,J.T. Compher,J.T.,Compher,29,1995-04-08,,L,Forward,DET
8477429,Andrew Copp,Andrew,Copp,30,1994-07-08,,C,Forward,DET
8484160,Nate Danielson,Nate,Danielson,19,2004-09-27,,C,Forward,DET
8479337,Alex DeBrincat,Alex,DeBrincat,26,1997-12-18,,R,Forward,DET
8484107,Alexandre Doucet,Alexandre,Doucet,22,2002-01-12,,L,Forward,DET
8480326,Sheldon Dries,Sheldon,Dries,30,1994-04-23,,C,Forward,DET
8484471,Emmitt Finnie,Emmitt,Finnie,19,2005-06-27,,C,Forward,DET
8478432,Christian Fischer,Christian,Fischer,27,1997-04-15,,R,Forward,DET
8479364,Tim Gettinger,Tim,Gettinger,26,1998-04-14,,L,Forward,DET
8482106,Cross Hanas,Cross,Hanas,22,2002-01-05,,L,Forward,DET
8474141,Patrick Kane,Patrick,Kane,35,1988-11-19,,R,Forward,DET
8483464,Marco Kasper,Marco,Kasper,20,2004-04-08,,C,Forward,DET
8477946,Dylan Larkin,Dylan,Larkin,28,1996-07-30,,C,Forward,DET
8483695,Amadeus Lombardi,Amadeus,Lombardi,21,2003-06-05,,C,Forward,DET
8482802,Carter Mazur,Carter,Mazur,22,2002-03-28,,L,Forward,DET
8477353,Tyler Motte,Tyler,Motte,29,1995-03-10,,C,Forward,DET
8479992,Michael Rasmussen,Michael,Rasmussen,25,1999-04-17,,C,Forward,DET
8482078,Lucas Raymond,Lucas,Raymond,22,2002-03-28,,L,Forward,DET
8484966,Jakub Rychlovsky,Jakub,Rychlovsky,23,2001-08-07,,L,Forward,DET
8481441,Joe Snively,Joe,Snively,28,1996-01-01,,C,Forward,DET
8481725,Elmer Soderblom,Elmer,Soderblom,23,2001-07-05,,L,Forward,DET
8475765,Vladimir Tarasenko,Vladimir,Tarasenko,32,1991-12-13,,R,Forward,DET
8480813,Joe Veleno,Joe,Veleno,24,2000-01-13,,C,Forward,DET
8482777,Shai Buium,Shai,Buium,21,2003-03-26,,D,Defenseman,DET
8475279,Ben Chiarot,Ben,Chiarot,33,1991-05-09,,D,Defenseman,DET
8482060,Tory Dello,Tory,Dello,27,1997-02-14,,D,Defenseman,DET
8482762,Simon Edvinsson,Simon,Edvinsson,21,2003-02-05,,D,Defenseman,DET
8476979,Erik Gustafsson,Erik,Gustafsson,32,1992-03-14,,D,Defenseman,DET
8475718,Justin Holl,Justin,Holl,32,1992-01-30,,D,Defenseman,DET
8481607,Albert Johansson,Albert,Johansson,23,2001-01-04,,D,Defenseman,DET
8478021,William Lagesson,William,Lagesson,28,1996-02-22,,D,Defenseman,DET
8476874,Olli Maatta,Olli,Maatta,30,1994-08-22,,D,Defenseman,DET
8473507,Jeff Petry,Jeff,Petry,36,1987-12-09,,D,Defenseman,DET
8481479,Brogan Rafferty,Brogan,Rafferty,29,1995-05-28,,D,Defenseman,DET
8481542,Moritz Seider,Moritz,Seider,23,2001-04-06,,D,Defenseman,DET
8481587,Antti Tuomisto,Antti,Tuomisto,23,2001-01-20,,D,Defenseman,DET
8482163,Eemil Viro,Eemil,Viro,22,2002-04-03,,D,Defenseman,DET
8482171,William Wallinder,William,Wallinder,22,2002-07-28,,D,Defenseman,DET
8478569,Noel Acciari,Noel,Acciari,32,1991-12-01,,C,Forward,PIT
8482456,Raivis Ansons,Raivis,Ansons,22,2002-01-29,,R,Forward,PIT
8478463,Anthony Beauvillier,Anthony,Beauvillier,27,1997-06-08,,L,Forward,PIT
8480205,Emil Bemstrom,Emil,Bemstrom,25,1999-06-01,,C,Forward,PIT
8482698,Tristan Broz,Tristan,Broz,21,2002-10-10,,C,Forward,PIT
8478047,Michael Bunting,Michael,Bunting,29,1995-09-17,,L,Forward,PIT
8471675,Sidney Crosby,Sidney,Crosby,37,1987-08-07,,C,Forward,PIT
8474189,Lars Eller,Lars,Eller,35,1989-05-08,,C,Forward,PIT
8479996,Cody Glass,Cody,Glass,25,1999-04-01,,C,Forward,PIT
8475763,Kevin Hayes,Kevin,Hayes,32,1992-05-08,,R,Forward,PIT
8484869,Tanner Howe,Tanner,Howe,18,2005-11-28,,L,Forward,PIT
8481228,Jimmy Huntington,Jimmy,Huntington,25,1998-11-18,,C,Forward,PIT
8478147,Bokondji Imama,Bokondji,Imama,28,1996-08-03,,L,Forward,PIT
8483401,Marc Johnstone,Marc,Johnstone,28,1996-06-19,,R,Forward,PIT
8482758,Ville Koivunen,Ville,Koivunen,21,2003-06-13,,R,Forward,PIT
8481481,Blake Lizotte,Blake,Lizotte,26,1997-12-13,,C,Forward,PIT
8483102,Bennett MacArthur,Bennett,MacArthur,23,2001-01-30,,L,Forward,PIT
8471215,Evgeni Malkin,Evgeni,Malkin,38,1986-07-31,,C,Forward,PIT
8483487,Rutger McGroarty,Rutger,McGroarty,20,2004-03-30,,R,Forward,PIT
8476442,Matt Nieto,Matt,Nieto,31,1992-11-05,,L,Forward,PIT
8482055,Drew O'Connor,Drew,O'Connor,26,1998-06-09,,L,Forward,PIT
8482102,Vasily Ponomarev,Vasily,Ponomarev,22,2002-03-13,,C,Forward,PIT
8479344,Jesse Puljujarvi,Jesse,Puljujarvi,26,1998-05-07,,R,Forward,PIT
8481703,Valtteri Puustinen,Valtteri,Puustinen,25,1999-06-04,,R,Forward,PIT
8476483,Rickard Rakell,Rickard,Rakell,31,1993-05-05,,R,Forward,PIT
8475810,Bryan Rust,Bryan,Rust,32,1992-05-11,,R,Forward,PIT
8480222,Sebastian Aho,Sebastian,Aho,28,1996-02-17,,D,Defenseman,PIT
8482801,Isaac Belliveau,Isaac,Belliveau,21,2002-11-26,,D,Defenseman,PIT
8484839,Harrison Brunicke,Harrison,Brunicke,18,2006-05-08,,D,Defenseman,PIT
8479594,Nathan Clurman,Nathan,Clurman,26,1998-05-08,,D,Defenseman,PIT
8477435,Ryan Graves,Ryan,Graves,29,1995-05-21,,D,Defenseman,PIT
8476891,Matthew Grzelcyk,Matthew,Grzelcyk,30,1994-01-05,,D,Defenseman,PIT
8480439,Mac Hollowell,Mac,Hollowell,25,1998-09-26,,D,Defenseman,PIT
8474578,Erik Karlsson,Erik,Karlsson,34,1990-05-31,,D,Defenseman,PIT
8480820,Filip Kral,Filip,Kral,24,1999-10-20,,D,Defenseman,PIT
8471724,Kris Letang,Kris,Letang,37,1987-04-24,,D,Defenseman,PIT
8481206,John Ludvig,John,Ludvig,24,2000-08-02,,D,Defenseman,PIT
8477969,Marcus Pettersson,Marcus,Pettersson,28,1996-05-08,,D,Defenseman,PIT
8483503,Owen Pickering,Owen,Pickering,20,2004-01-27,,D,Defenseman,PIT
8478854,Ryan Shea,Ryan,Shea,27,1997-02-11,,D,Defenseman,PIT
8481030,Jack St. Ivany,Jack,St. Ivany,25,1999-07-22,,D,Defenseman,PIT
8482863,Caedan Bankier,Caedan,Bankier,21,2003-01-26,,C,Forward,MIN
8481557,Matt Boldy,Matt,Boldy,23,2001-04-05,,L,Forward,MIN
8476329,Travis Boyd,Travis,Boyd,31,1993-09-14,,C,Forward,MIN
8481578,Graeme Clarke,Graeme,Clarke,23,2001-04-24,,R,Forward,MIN
8478493,Joel Eriksson Ek,Joel,Eriksson Ek,27,1997-01-29,,C,Forward,MIN
8475220,Marcus Foligno,Marcus,Foligno,33,1991-08-10,,L,Forward,MIN
8477919,Frederick Gaudreau,Frederick,Gaudreau,31,1993-05-01,,C,Forward,MIN
8476867,Brendan Gaunce,Brendan,Gaunce,30,1994-03-25,,C,Forward,MIN
8483452,Hunter Haight,Hunter,Haight,20,2004-04-04,,C,Forward,MIN
8477451,Ryan Hartman,Ryan,Hartman,30,1994-09-20,,R,Forward,MIN
8484178,Riley Heidt,Riley,Heidt,19,2005-03-25,,C,Forward,MIN
8475149,Marcus Johansson,Marcus,Johansson,33,1990-10-06,,C,Forward,MIN
8481147,Reese Johnson,Reese,Johnson,26,1998-07-10,,C,Forward,MIN
8480259,Ben Jones,Ben,Jones,25,1999-02-26,,C,Forward,MIN
8478864,Kirill Kaprizov,Kirill,Kaprizov,27,1997-04-26,,L,Forward,MIN
8482177,Marat Khusnutdinov,Marat,Khusnutdinov,22,2002-07-17,,C,Forward,MIN
8480880,Jakub Lauko,Jakub,Lauko,24,2000-03-28,,C,Forward,MIN
8482829,Michael Milne,Michael,Milne,22,2002-09-21,,L,Forward,MIN
8482217,Pavel Novak,Pavel,Novak,22,2002-04-16,,R,Forward,MIN
8483499,Liam Ohgren,Liam,Ohgren,20,2004-01-28,,L,Forward,MIN
8482197,Adam Raska,Adam,Raska,23,2001-09-25,,R,Forward,MIN
8482079,Marco Rossi,Marco,Rossi,23,2001-09-23,,C,Forward,MIN
8476913,Devin Shore,Devin,Shore,30,1994-07-19,,C,Forward,MIN
8481866,Luke Toporowski,Luke,Toporowski,23,2001-04-12,,L,Forward,MIN
8478508,Yakov Trenin,Yakov,Trenin,27,1997-01-13,,C,Forward,MIN
8480267,Sammy Walker,Sammy,Walker,25,1999-06-07,,C,Forward,MIN
8475692,Mats Zuccarello,Mats,Zuccarello,37,1987-09-01,,R,Forward,MIN
8474567,Zach Bogosian,Zach,Bogosian,34,1990-07-15,,D,Defenseman,MIN
8476463,Jonas Brodin,Jonas,Brodin,31,1993-07-12,,D,Defenseman,MIN
8478863,Joseph Cecconi,Joseph,Cecconi,27,1997-05-23,,D,Defenseman,MIN
8480990,Declan Chisholm,Declan,Chisholm,24,2000-01-12,,D,Defenseman,MIN
8480075,Cameron Crotty,Cameron,Crotty,25,1999-05-05,,D,Defenseman,MIN
8482122,Brock Faber,Brock,Faber,22,2002-08-22,,D,Defenseman,MIN
8482094,Daemon Hunt,Daemon,Hunt,22,2002-05-15,,D,Defenseman,MIN
8482781,Carson Lambos,Carson,Lambos,21,2003-01-14,,D,Defenseman,MIN
8482707,Kyle Masters,Kyle,Masters,21,2003-04-09,,D,Defenseman,MIN
8475750,Jon Merrill,Jon,Merrill,32,1992-02-03,,D,Defenseman,MIN
8478136,Jake Middleton,Jake,Middleton,28,1996-01-02,,D,Defenseman,MIN
8482143,Ryan O'Rourke,Ryan,O'Rourke,22,2002-05-16,,D,Defenseman,MIN
8482686,Jack Peart,Jack,Peart,21,2003-05-15,,D,Defenseman,MIN
8483766,David Spacek,David,Spacek,21,2003-02-18,,D,Defenseman,MIN
8474716,Jared Spurgeon,Jared,Spurgeon,34,1989-11-29,,D,Defenseman,MIN
8479022,Rodrigo Abols,Rodrigo,Abols,28,1996-01-05,,C,Forward,PHI
8483010,Jon-Randall Avon,Jon-Randall,Avon,21,2003-07-04,,C,Forward,PHI
8484142,Denver Barkey,Denver,Barkey,19,2005-04-27,,C,Forward,PHI
8481553,Bobby Brink,Bobby,Brink,23,2001-07-08,,R,Forward,PHI
8480220,Noah Cates,Noah,Cates,25,1999-02-05,,L,Forward,PHI
8476461,Sean Couturier,Sean,Couturier,31,1992-12-07,,C,Forward,PHI
8475235,Nicolas Deslauriers,Nicolas,Deslauriers,33,1991-02-22,,L,Forward,PHI
8482452,Elliot Desnoyers,Elliot,Desnoyers,22,2002-01-21,,L,Forward,PHI
8484928,Oscar Eklind,Oscar,Eklind,26,1998-07-14,,L,Forward,PHI
8480797,Joel Farabee,Joel,Farabee,24,2000-02-25,,L,Forward,PHI
8482159,Tyson Foerster,Tyson,Foerster,22,2002-01-18,,R,Forward,PHI
8480028,Morgan Frost,Morgan,Frost,25,1999-05-14,,C,Forward,PHI
8479587,Rhett Gardner,Rhett,Gardner,28,1996-02-28,,C,Forward,PHI
8477903,Garnet Hathaway,Garnet,Hathaway,32,1991-11-23,,R,Forward,PHI
8478439,Travis Konecny,Travis,Konecny,27,1997-03-11,,R,Forward,PHI
8476872,Scott Laughton,Scott,Laughton,30,1994-05-30,,C,Forward,PHI
8484779,Jett Luchanko,Jett,Luchanko,18,2006-08-21,,C,Forward,PHI
8480245,Olle Lycksell,Olle,Lycksell,25,1999-08-24,,R,Forward,PHI
8484387,Matvei Michkov,Matvei,Michkov,19,2004-12-09,,R,Forward,PHI
8480068,Ryan Poehling,Ryan,Poehling,25,1999-01-03,,C,Forward,PHI
8478409,Anthony Richard,Anthony,Richard,27,1996-12-20,,C,Forward,PHI
8481760,Massimo Rizzo,Massimo,Rizzo,23,2001-06-13,,C,Forward,PHI
8480015,Owen Tippett,Owen,Tippett,25,1999-02-16,,R,Forward,PHI
8482727,Samu Tuomaala,Samu,Tuomaala,21,2003-01-08,,R,Forward,PHI
8482126,Emil Andrae,Emil,Andrae,22,2002-02-23,,D,Defenseman,PHI
8481521,Ronnie Attard,Ronnie,Attard,25,1999-03-20,,D,Defenseman,PHI
8478011,Louie Belpedio,Louie,Belpedio,28,1996-05-14,,D,Defenseman,PHI
8484148,Oliver Bonk,Oliver,Bonk,19,2005-01-09,,D,Defenseman,PHI
8482142,Jamie Drysdale,Jamie,Drysdale,22,2002-04-08,,D,Defenseman,PHI
8475176,Ryan Ellis,Ryan,Ellis,33,1991-01-03,,D,Defenseman,PHI
8480874,Adam Ginning,Adam,Ginning,24,2000-01-13,,D,Defenseman,PHI
8482169,Helge Grans,Helge,Grans,22,2002-05-10,,D,Defenseman,PHI
8473446,Erik Johnson,Erik,Johnson,36,1988-03-21,,D,Defenseman,PHI
8483760,Hunter McDonald,Hunter,McDonald,22,2002-05-11,,D,Defenseman,PHI
8477499,Rasmus Ristolainen,Rasmus,Ristolainen,29,1994-10-27,,D,Defenseman,PHI
8477948,Travis Sanheim,Travis,Sanheim,28,1996-03-29,,D,Defenseman,PHI
8476372,Nick Seeler,Nick,Seeler,31,1993-06-03,,D,Defenseman,PHI
8481546,Cam York,Cam,York,23,2001-01-05,,D,Defenseman,PHI
8481178,Egor Zamula,Egor,Zamula,24,2000-03-30,,D,Defenseman,PHI
8477979,Nicolas Aube-Kubel,Nicolas,Aube-Kubel,28,1996-05-10,,R,Forward,BUF
8484145,Zach Benson,Zach,Benson,19,2005-05-12,,L,Forward,BUF
8481528,Dylan Cozens,Dylan,Cozens,23,2001-02-09,,C,Forward,BUF
8482623,Josh Dunne,Josh,Dunne,25,1998-12-08,,C,Forward,BUF
8478413,Jordan Greenway,Jordan,Greenway,27,1997-02-16,,L,Forward,BUF
8484797,Konsta Helenius,Konsta,Helenius,18,2006-05-11,,C,Forward,BUF
8481480,Mason Jobst,Mason,Jobst,30,1994-02-17,,C,Forward,BUF
8482697,Aleksandr Kisakov,Aleksandr,Kisakov,21,2002-11-01,,L,Forward,BUF
8482896,Tyson Kozak,Tyson,Kozak,21,2002-12-29,,C,Forward,BUF
8481522,Peyton Krebs,Peyton,Krebs,23,2001-01-26,,C,Forward,BUF
8483468,Jiri Kulich,Jiri,Kulich,20,2004-04-14,,C,Forward,BUF
8478043,Sam Lafferty,Sam,Lafferty,29,1995-03-06,,C,Forward,BUF
8479359,Beck Malenstyn,Beck,Malenstyn,26,1998-02-04,,L,Forward,BUF
8480802,Ryan McLeod,Ryan,McLeod,25,1999-09-21,,C,Forward,BUF
8479419,Brett Murray,Brett,Murray,26,1998-07-20,,L,Forward,BUF
8482746,Olivier Nadeau,Olivier,Nadeau,21,2003-01-15,,R,Forward,BUF
8483496,Viktor Neuchev,Viktor,Neuchev,20,2003-10-25,,L,Forward,BUF
8483500,Noah Ostlund,Noah,Ostlund,20,2004-03-11,,C,Forward,BUF
8482175,JJ Peterka,JJ,Peterka,22,2002-01-14,,R,Forward,BUF
8482097,Jack Quinn,Jack,Quinn,23,2001-09-19,,R,Forward,BUF
8482765,Isak Rosen,Isak,Rosen,21,2003-03-15,,R,Forward,BUF
8481751,Lukas Rousek,Lukas,Rousek,25,1999-04-20,,R,Forward,BUF
8479420,Tage Thompson,Tage,Thompson,26,1997-10-30,,C,Forward,BUF
8477949,Alex Tuch,Alex,Tuch,28,1996-05-10,,R,Forward,BUF
8482151,Tyler Tullio,Tyler,Tullio,22,2002-04-05,,R,Forward,BUF
8484238,Anton Wahlberg,Anton,Wahlberg,19,2005-07-04,,C,Forward,BUF
8475722,Jason Zucker,Jason,Zucker,32,1992-01-16,,L,Forward,BUF
8480196,Jacob Bryson,Jacob,Bryson,26,1997-11-18,,D,Defenseman,BUF
8481524,Bowen Byram,Bowen,Byram,23,2001-06-13,,D,Defenseman,BUF
8479348,Kale Clague,Kale,Clague,26,1998-06-05,,D,Defenseman,BUF
8477365,Connor Clifton,Connor,Clifton,29,1995-04-28,,D,Defenseman,BUF
8480839,Rasmus Dahlin,Rasmus,Dahlin,24,2000-04-13,,D,Defenseman,BUF
8478502,Dennis Gilbert,Dennis,Gilbert,27,1996-10-30,,D,Defenseman,BUF
8481564,Ryan Johnson,Ryan,Johnson,23,2001-07-24,,D,Defenseman,BUF
8480035,Henri Jokiharju,Henri,Jokiharju,25,1999-06-17,,D,Defenseman,BUF
8483732,Vsevolod Komarov,Vsevolod,Komarov,20,2004-01-11,,D,Defenseman,BUF
8482916,Nikita Novikov,Nikita,Novikov,21,2003-07-25,,D,Defenseman,BUF
8482066,Colton Poolman,Colton,Poolman,28,1995-12-18,,D,Defenseman,BUF
8482671,Owen Power,Owen,Power,21,2002-11-22,,D,Defenseman,BUF
8480056,Jack Rathbone,Jack,Rathbone,25,1999-05-20,,D,Defenseman,BUF
8480807,Mattias Samuelsson,Mattias,Samuelsson,24,2000-03-14,,D,Defenseman,BUF
8479414,Nathan Bastian,Nathan,Bastian,26,1997-12-06,,R,Forward,NJD
8481550,Adam Beckman,Adam,Beckman,23,2001-05-10,,L,Forward,NJD
8480032,Shane Bowers,Shane,Bowers,25,1999-07-30,,C,Forward,NJD
8479407,Jesper Bratt,Jesper,Bratt,26,1998-07-30,,L,Forward,NJD
8481032,Paul Cotter,Paul,Cotter,24,1999-11-16,,C,Forward,NJD
8475413,Justin Dowling,Justin,Dowling,33,1990-10-01,,C,Forward,NJD
8483439,Josh Filmon,Josh,Filmon,20,2004-03-18,,L,Forward,NJD
8481518,Nolan Foote,Nolan,Foote,23,2000-11-29,,L,Forward,NJD
8483531,Brian Halonen,Brian,Halonen,25,1999-01-11,,L,Forward,NJD
8482635,Mike Hardman,Mike,Hardman,25,1999-02-05,,L,Forward,NJD
8475287,Erik Haula,Erik,Haula,33,1991-03-23,,L,Forward,NJD
8480002,Nico Hischier,Nico,Hischier,25,1999-01-04,,C,Forward,NJD
8481559,Jack Hughes,Jack,Hughes,23,2001-05-14,,C,Forward,NJD
8478956,Samuel Laberge,Samuel,Laberge,27,1997-04-10,,L,Forward,NJD
8477508,Curtis Lazar,Curtis,Lazar,29,1995-02-02,,C,Forward,NJD
8481594,Nathan Legare,Nathan,Legare,23,2001-01-11,,R,Forward,NJD
8477073,Kurtis MacDermid,Kurtis,MacDermid,30,1994-03-25,,L,Forward,NJD
8478414,Timo Meier,Timo,Meier,27,1996-10-08,,R,Forward,NJD
8482110,Dawson Mercer,Dawson,Mercer,22,2001-10-27,,C,Forward,NJD
8476474,Stefan Noesen,Stefan,Noesen,31,1993-02-12,,R,Forward,NJD
8476292,Ondrej Palat,Ondrej,Palat,33,1991-03-28,,L,Forward,NJD
8481115,Ryan Schmelzer,Ryan,Schmelzer,31,1993-07-28,,C,Forward,NJD
8484405,Cam Squires,Cam,Squires,19,2005-04-11,,R,Forward,NJD
8482714,Chase Stillman,Chase,Stillman,21,2003-03-19,,R,Forward,NJD
8475193,Tomas Tatar,Tomas,Tatar,33,1990-12-01,,L,Forward,NJD
8484916,Dylan Wendt,Dylan,Wendt,23,2001-01-09,,R,Forward,NJD
8478051,Max Willman,Max,Willman,29,1995-02-13,,C,Forward,NJD
8483429,Seamus Casey,Seamus,Casey,20,2004-01-08,,D,Defenseman,NJD
8480084,Nick DeSimone,Nick,DeSimone,29,1994-11-21,,D,Defenseman,NJD
8475455,Brenden Dillon,Brenden,Dillon,33,1990-11-13,,D,Defenseman,NJD
8483085,Mikael Diotte,Mikael,Diotte,21,2003-04-10,,D,Defenseman,NJD
8476462,Dougie Hamilton,Dougie,Hamilton,31,1993-06-17,,D,Defenseman,NJD
8481701,Santeri Hatakka,Santeri,Hatakka,23,2001-01-15,,D,Defenseman,NJD
8482684,Luke Hughes,Luke,Hughes,21,2003-09-09,,D,Defenseman,NJD
8480192,Johnathan Kovacevic,Johnathan,Kovacevic,27,1997-07-12,,D,Defenseman,NJD
8481536,Daniil Misyul,Daniil,Misyul,23,2000-10-20,,D,Defenseman,NJD
8483495,Simon Nemec,Simon,Nemec,20,2004-02-15,,D,Defenseman,NJD
8477488,Brett Pesce,Brett,Pesce,29,1994-11-15,,D,Defenseman,NJD
8478399,Jonas Siegenthaler,Jonas,Siegenthaler,27,1997-05-06,,D,Defenseman,NJD
8482873,Topias Vilen,Topias,Vilen,21,2003-04-01,,D,Defenseman,NJD
8478841,Colton White,Colton,White,27,1997-05-03,,D,Defenseman,NJD
8474150,Mikael Backlund,Mikael,Backlund,35,1989-03-17,,C,Forward,CGY
8483772,Parker Bell,Parker,Bell,20,2003-09-26,,L,Forward,CGY
8478056,Clark Bishop,Clark,Bishop,28,1996-03-29,,C,Forward,CGY
8482889,Lucas Ciona,Lucas,Ciona,21,2003-01-08,,L,Forward,CGY
8476399,Blake Coleman,Blake,Coleman,32,1991-11-28,,C,Forward,CGY
8482679,Matt Coronato,Matt,Coronato,21,2002-11-14,,R,Forward,CGY
8482652,Walker Duehr,Walker,Duehr,26,1997-11-23,,R,Forward,CGY
8476924,Martin Frk,Martin,Frk,30,1993-10-05,,R,Forward,CGY
8484860,Matvei Gridin,Matvei,Gridin,18,2006-03-01,,R,Forward,CGY
8484180,Samuel Honzek,Samuel,Honzek,19,2004-11-12,,L,Forward,CGY
8476456,Jonathan Huberdeau,Jonathan,Huberdeau,31,1993-06-04,,C,Forward,CGY
8478211,Dryden Hunt,Dryden,Hunt,28,1995-11-24,,L,Forward,CGY
8475172,Nazem Kadri,Nazem,Kadri,33,1990-10-06,,C,Forward,CGY
8482209,Rory Kerins,Rory,Kerins,22,2002-04-12,,C,Forward,CGY
8477993,Justin Kirkland,Justin,Kirkland,28,1996-08-02,,C,Forward,CGY
8483609,Adam Klapka,Adam,Klapka,24,2000-09-14,,R,Forward,CGY
8483808,Andrei Kuzmenko,Andrei,Kuzmenko,28,1996-02-04,,L,Forward,CGY
8479066,Ryan Lomberg,Ryan,Lomberg,29,1994-12-09,,L,Forward,CGY
8477511,Anthony Mantha,Anthony,Mantha,30,1994-09-16,,R,Forward,CGY
8484821,Sam Morton,Sam,Morton,25,1999-07-28,,C,Forward,CGY
8481590,Ilya Nikolaev,Ilya,Nikolaev,23,2001-06-26,,C,Forward,CGY
8481592,Jakob Pelletier,Jakob,Pelletier,23,2001-03-07,,L,Forward,CGY
8481028,Martin Pospisil,Martin,Pospisil,24,1999-11-19,,C,Forward,CGY
8479291,Kevin Rooney,Kevin,Rooney,31,1993-05-21,,C,Forward,CGY
8481655,Cole Schwindt,Cole,Schwindt,23,2001-04-25,,R,Forward,CGY
8481068,Yegor Sharangovich,Yegor,Sharangovich,26,1998-06-06,,C,Forward,CGY
8482766,William Stromgren,William,Stromgren,21,2003-06-07,,L,Forward,CGY
8482074,Connor Zary,Connor,Zary,23,2001-09-25,,C,Forward,CGY
8478397,Rasmus Andersson,Rasmus,Andersson,27,1996-10-27,,D,Defenseman,CGY
8481219,Jonathan Aspirot,Jonathan,Aspirot,25,1999-05-16,,D,Defenseman,CGY
8480860,Kevin Bahl,Kevin,Bahl,24,2000-06-27,,D,Defenseman,CGY
8479402,Jake Bean,Jake,Bean,26,1998-06-09,,D,Defenseman,CGY
8484150,Hunter Brzustewicz,Hunter,Brzustewicz,19,2004-11-29,,D,Defenseman,CGY
8482695,Artem Grushnikov,Artem,Grushnikov,21,2003-03-20,,D,Defenseman,CGY
8477810,Joel Hanley,Joel,Hanley,33,1991-06-08,,D,Defenseman,CGY
8482170,Joni Jurmo,Joni,Jurmo,22,2002-04-19,,D,Defenseman,CGY
8482165,Yan Kuznetsov,Yan,Kuznetsov,22,2002-03-09,,D,Defenseman,CGY
8482624,Daniil Miromanov,Daniil,Miromanov,27,1997-07-11,,D,Defenseman,CGY
8481167,Brayden Pachal,Brayden,Pachal,25,1999-08-23,,D,Defenseman,CGY
8484768,Zayne Parekh,Zayne,Parekh,18,2006-02-15,,D,Defenseman,CGY
8482173,Jeremie Poirier,Jeremie,Poirier,22,2002-06-02,,D,Defenseman,CGY
8482470,Ilya Solovyov,Ilya,Solovyov,24,2000-07-20,,D,Defenseman,CGY
8475797,Jarred Tinordi,Jarred,Tinordi,32,1992-02-20,,D,Defenseman,CGY
8477346,MacKenzie Weegar,MacKenzie,Weegar,30,1994-01-07,,D,Defenseman,CGY
8482665,Matty Beniers,Matty,Beniers,21,2002-11-05,,C,Forward,SEA
8482061,Brandon Biro,Brandon,Biro,26,1998-03-11,,L,Forward,SEA
8477416,Oliver Bjorkstrand,Oliver,Bjorkstrand,29,1995-04-10,,R,Forward,SEA
8477444,Andre Burakovsky,Andre,Burakovsky,29,1995-02-09,,L,Forward,SEA
8484800,Berkly Catton,Berkly,Catton,18,2006-01-14,,C,Forward,SEA
8474586,Jordan Eberle,Jordan,Eberle,34,1990-05-15,,R,Forward,SEA
8483442,Jagger Firkus,Jagger,Firkus,20,2004-04-29,,R,Forward,SEA
8476826,Yanni Gourde,Yanni,Gourde,32,1991-12-15,,C,Forward,SEA
8483449,David Goyette,David,Goyette,20,2004-03-27,,C,Forward,SEA
8477401,John Hayden,John,Hayden,29,1995-02-14,,C,Forward,SEA
8480869,Luke Henman,Luke,Henman,24,2000-04-29,,C,Forward,SEA
8481789,Tye Kartye,Tye,Kartye,23,2001-04-30,,L,Forward,SEA
8477955,Jared McCann,Jared,McCann,28,1996-05-31,,L,Forward,SEA
8476323,Max McCormick,Max,McCormick,32,1992-05-01,,L,Forward,SEA
8482874,Jacob Melanson,Jacob,Melanson,21,2003-04-22,,R,Forward,SEA
8483570,Ben Meyers,Ben,Meyers,25,1998-11-15,,C,Forward,SEA
8483012,Logan Morrison,Logan,Morrison,22,2002-07-09,,C,Forward,SEA
8483497,Jani Nyman,Jani,Nyman,20,2004-07-30,,R,Forward,SEA
8484219,Carson Rehkopf,Carson,Rehkopf,19,2005-01-07,,L,Forward,SEA
8483043,Tucker Robertson,Tucker,Robertson,21,2003-06-22,,C,Forward,SEA
8484891,Lleyton Roed,Lleyton,Roed,22,2002-08-08,,L,Forward,SEA
8484222,Eduard Sale,Eduard,Sale,19,2005-03-10,,L,Forward,SEA
8475768,Jaden Schwartz,Jaden,Schwartz,32,1992-06-25,,C,Forward,SEA
8478477,Mitchell Stephens,Mitchell,Stephens,27,1997-02-05,,C,Forward,SEA
8476905,Chandler Stephenson,Chandler,Stephenson,30,1994-04-22,,C,Forward,SEA
8479293,Brandon Tanev,Brandon,Tanev,32,1991-12-31,,L,Forward,SEA
8480009,Eeli Tolvanen,Eeli,Tolvanen,25,1999-04-22,,R,Forward,SEA
8482751,Ryan Winterton,Ryan,Winterton,21,2003-09-04,,C,Forward,SEA
8483524,Shane Wright,Shane,Wright,20,2004-01-05,,C,Forward,SEA
8478840,Will Borgen,Will,Borgen,27,1996-12-19,,D,Defenseman,SEA
8477522,Nikolas Brouillard,Nikolas,Brouillard,29,1995-02-07,,D,Defenseman,SEA
8478407,Vince Dunn,Vince,Dunn,27,1996-10-29,,D,Defenseman,SEA
8482858,Ryker Evans,Ryker,Evans,22,2001-12-13,,D,Defenseman,SEA
8479985,Cale Fleury,Cale,Fleury,25,1998-11-19,,D,Defenseman,SEA
8479320,Maxime Lajoie,Maxime,Lajoie,26,1997-11-05,,D,Defenseman,SEA
8476457,Adam Larsson,Adam,Larsson,31,1992-11-12,,D,Defenseman,SEA
8479372,Joshua Mahura,Joshua,Mahura,26,1998-05-05,,D,Defenseman,SEA
8477986,Brandon Montour,Brandon,Montour,30,1994-04-11,,D,Defenseman,SEA
8483494,Ty Nelson,Ty,Nelson,20,2004-03-30,,D,Defenseman,SEA
8476467,Jamie Oleksiak,Jamie,Oleksiak,31,1992-12-21,,D,Defenseman,SEA
8477467,Gustav Olofsson,Gustav,Olofsson,29,1994-12-01,,D,Defenseman,SEA
8482866,Ville Ottavainen,Ville,Ottavainen,22,2002-08-12,,D,Defenseman,SEA
8478020,Michael Amadio,Michael,Amadio,28,1996-05-13,,R,Forward,OTT
8480208,Drake Batherson,Drake,Batherson,26,1998-04-27,,R,Forward,OTT
8483579,Wyatt Bongiovanni,Wyatt,Bongiovanni,25,1999-07-24,,L,Forward,OTT
8482674,Tyler Boucher,Tyler,Boucher,21,2003-01-16,,R,Forward,OTT
8482706,Jake Chiasson,Jake,Chiasson,21,2003-05-25,,R,Forward,OTT
8476393,Nick Cousins,Nick,Cousins,31,1993-07-20,,C,Forward,OTT
8481065,Angus Crookshank,Angus,Crookshank,24,1999-10-02,,L,Forward,OTT
8482458,Philippe Daoust,Philippe,Daoust,22,2001-11-05,,C,Forward,OTT
8478874,Adam Gaudette,Adam,Gaudette,27,1996-10-03,,R,Forward,OTT
8473512,Claude Giroux,Claude,Giroux,36,1988-01-12,,R,Forward,OTT
8479393,Noah Gregor,Noah,Gregor,26,1998-07-28,,L,Forward,OTT
8482092,Ridly Greig,Ridly,Greig,22,2002-08-08,,C,Forward,OTT
8483676,Stephen Halliday,Stephen,Halliday,22,2002-07-02,,C,Forward,OTT
8478146,Matthew Highmore,Matthew,Highmore,28,1996-02-27,,C,Forward,OTT
8478173,Hayden Hodgson,Hayden,Hodgson,28,1996-03-02,,R,Forward,OTT
8480890,Jan Jenik,Jan,Jenik,24,2000-09-15,,C,Forward,OTT
8479772,Zack MacEwen,Zack,MacEwen,28,1996-07-08,,R,Forward,OTT
8480064,Josh Norris,Josh,Norris,25,1999-05-05,,C,Forward,OTT
8482859,Zack Ostapchuk,Zack,Ostapchuk,21,2003-05-29,,C,Forward,OTT
8474102,David Perron,David,Perron,36,1988-05-28,,L,Forward,OTT
8483673,Oskar Pettersson,Oskar,Pettersson,20,2004-02-04,,R,Forward,OTT
8479516,Garrett Pilon,Garrett,Pilon,26,1998-04-13,,C,Forward,OTT
8481596,Shane Pinto,Shane,Pinto,23,2000-11-12,,C,Forward,OTT
8481579,Jamieson Rees,Jamieson,Rees,23,2001-02-26,,C,Forward,OTT
8481133,Cole Reinhardt,Cole,Reinhardt,24,2000-02-01,,L,Forward,OTT
8482116,Tim Stützle,Tim,Stützle,22,2002-01-15,,C,Forward,OTT
8480801,Brady Tkachuk,Brady,Tkachuk,25,1999-09-16,,L,Forward,OTT
8480879,Jacob Bernard-Docker,Jacob,Bernard-Docker,24,2000-06-30,,D,Defenseman,OTT
8478469,Thomas Chabot,Thomas,Chabot,27,1997-01-30,,D,Defenseman,OTT
8479602,Jeremy Davies,Jeremy,Davies,27,1996-12-04,,D,Defenseman,OTT
8483435,Jorian Donovan,Jorian,Donovan,20,2004-04-05,,D,Defenseman,OTT
8481679,Maxence Guenette,Maxence,Guenette,23,2001-04-28,,D,Defenseman,OTT
8483683,Tomas Hamara,Tomas,Hamara,20,2004-03-09,,D,Defenseman,OTT
8474612,Travis Hamonic,Travis,Hamonic,34,1990-08-16,,D,Defenseman,OTT
8475324,Nick Jensen,Nick,Jensen,34,1990-09-21,,D,Defenseman,OTT
8482095,Tyler Kleven,Tyler,Kleven,22,2002-01-10,,D,Defenseman,OTT
8484321,Nikolas Matinpalo,Nikolas,Matinpalo,25,1998-10-05,,D,Defenseman,OTT
8483619,Filip Roos,Filip,Roos,25,1999-01-05,,D,Defenseman,OTT
8482105,Jake Sanderson,Jake,Sanderson,22,2002-07-08,,D,Defenseman,OTT
8482131,Donovan Sebrango,Donovan,Sebrango,22,2002-01-12,,D,Defenseman,OTT
8484534,Djibril Toure,Djibril,Toure,21,2003-06-05,,D,Defenseman,OTT
8484759,Carter Yakemchuk,Carter,Yakemchuk,18,2005-09-29,,D,Defenseman,OTT
8482245,Artem Zub,Artem,Zub,28,1995-10-03,,D,Defenseman,OTT
8475461,Andrew Agozzino,Andrew,Agozzino,33,1991-01-03,,L,Forward,UTA
8479561,Travis Barron,Travis,Barron,26,1998-08-17,,L,Forward,UTA
8484786,Cole Beaudoin,Cole,Beaudoin,18,2006-04-24,,C,Forward,UTA
8475760,Nick Bjugstad,Nick,Bjugstad,32,1992-07-17,,C,Forward,UTA
8479619,Michael Carcone,Michael,Carcone,28,1996-05-19,,L,Forward,UTA
8483431,Logan Cooley,Logan,Cooley,20,2004-05-04,,C,Forward,UTA
8478474,Lawson Crouse,Lawson,Crouse,27,1997-06-23,,L,Forward,UTA
8482659,Josh Doan,Josh,Doan,22,2002-02-01,,R,Forward,UTA
8480876,Curtis Douglas,Curtis,Douglas,24,2000-03-06,,C,Forward,UTA
8482699,Dylan Guenther,Dylan,Guenther,21,2003-04-10,,R,Forward,UTA
8480849,Barrett Hayton,Barrett,Hayton,24,2000-06-09,,C,Forward,UTA
8484795,Tij Iginla,Tij,Iginla,18,2006-08-04,,C,Forward,UTA
8483597,Milos Kelemen,Milos,Kelemen,25,1999-07-06,,L,Forward,UTA
8479343,Clayton Keller,Clayton,Keller,26,1998-07-29,,C,Forward,UTA
8477021,Alex Kerfoot,Alex,Kerfoot,30,1994-08-11,,C,Forward,UTA
8482924,Sam Lipkin,Sam,Lipkin,21,2003-01-03,,L,Forward,UTA
8481711,Matias Maccelli,Matias,Maccelli,23,2000-10-14,,L,Forward,UTA
8483671,Miko Matikka,Miko,Matikka,20,2003-10-26,,R,Forward,UTA
8480855,Jack McBain,Jack,McBain,24,2000-01-06,,C,Forward,UTA
8481827,Ben McCartney,Ben,McCartney,23,2001-07-13,,L,Forward,UTA
8484207,Noel Nordh,Noel,Nordh,19,2005-01-25,,L,Forward,UTA
8477070,Liam O'Brien,Liam,O'Brien,30,1994-07-29,,C,Forward,UTA
8481699,Aku Raty,Aku,Raty,23,2001-07-05,,R,Forward,UTA
8477951,Nick Schmaltz,Nick,Schmaltz,28,1996-02-23,,C,Forward,UTA
8481102,Egor Sokolov,Egor,Sokolov,24,2000-06-07,,L,Forward,UTA
8478831,Kevin Stenlund,Kevin,Stenlund,28,1996-09-20,,C,Forward,UTA
8474145,Robert Bortuzzo,Robert,Bortuzzo,35,1989-03-18,,D,Defenseman,UTA
8474013,Ian Cole,Ian,Cole,35,1989-02-21,,D,Defenseman,UTA
8475246,Kevin Connauton,Kevin,Connauton,34,1990-02-23,,D,Defenseman,UTA
8483436,Artem Duda,Artem,Duda,20,2004-04-08,,D,Defenseman,UTA
8480434,Sean Durzi,Sean,Durzi,25,1998-10-21,,D,Defenseman,UTA
8480891,Michael Kesselring,Michael,Kesselring,24,2000-01-13,,D,Defenseman,UTA
8484326,Patrik Koch,Patrik,Koch,27,1996-12-08,,D,Defenseman,UTA
8481609,Vladislav Kolyachonok,Vladislav,Kolyachonok,23,2001-05-26,,D,Defenseman,UTA
8483472,Maveric Lamoureux,Maveric,Lamoureux,20,2004-01-13,,D,Defenseman,UTA
8478507,John Marino,John,Marino,27,1997-05-21,,D,Defenseman,UTA
8481159,Montana Onyebuchi,Montana,Onyebuchi,24,2000-03-08,,D,Defenseman,UTA
8479410,Mikhail Sergachev,Mikhail,Sergachev,26,1998-06-25,,D,Defenseman,UTA
8483763,Maksymilian Szuber,Maksymilian,Szuber,22,2002-08-25,,D,Defenseman,UTA
8479976,Juuso Valimaki,Juuso,Valimaki,25,1998-10-06,,D,Defenseman,UTA
8476981,Josh Anderson,Josh,Anderson,30,1994-05-07,,R,Forward,MTL
8476469,Joel Armia,Joel,Armia,31,1993-05-31,,R,Forward,MTL
8479718,Alex Barré-Boulet,Alex,Barré-Boulet,27,1997-05-21,,C,Forward,MTL
8483424,Owen Beck,Owen,Beck,20,2004-02-03,,C,Forward,MTL
8481540,Cole Caufield,Cole,Caufield,23,2001-01-02,,R,Forward,MTL
8483549,Lucas Condotta,Lucas,Condotta,26,1997-11-06,,L,Forward,MTL
8481523,Kirby Dach,Kirby,Dach,23,2001-01-21,,C,Forward,MTL
8483728,Jared Davidson,Jared,Davidson,22,2002-07-07,,C,Forward,MTL
8477989,Christian Dvorak,Christian,Dvorak,28,1996-02-02,,C,Forward,MTL
8478133,Jake Evans,Jake,Evans,28,1996-06-02,,C,Forward,MTL
8482081,Sean Farrell,Sean,Farrell,22,2001-11-02,,C,Forward,MTL
8475848,Brendan Gallagher,Brendan,Gallagher,32,1992-05-06,,R,Forward,MTL
8479330,Brandon Gignac,Brandon,Gignac,26,1997-11-07,,C,Forward,MTL
8481093,Rafael Harvey-Pinard,Rafael,Harvey-Pinard,25,1999-01-06,,L,Forward,MTL
8482476,Emil Heineman,Emil,Heineman,22,2001-11-16,,L,Forward,MTL
8482775,Oliver Kapanen,Oliver,Kapanen,21,2003-07-29,,C,Forward,MTL
8482828,Riley Kidney,Riley,Kidney,21,2003-03-25,,C,Forward,MTL
8479339,Patrik Laine,Patrik,Laine,26,1998-04-19,,R,Forward,MTL
8483488,Filip Mesar,Filip,Mesar,20,2004-01-03,,R,Forward,MTL
8481618,Alex Newhook,Alex,Newhook,23,2001-01-28,,C,Forward,MTL
8482150,Jacob Perreault,Jacob,Perreault,22,2002-04-15,,R,Forward,MTL
8479543,Michael Pezzetta,Michael,Pezzetta,26,1998-03-13,,L,Forward,MTL
8482749,Joshua Roy,Joshua,Roy,21,2003-08-06,,R,Forward,MTL
8481794,Xavier Simoneau,Xavier,Simoneau,23,2001-05-19,,C,Forward,MTL
8483515,Juraj Slafkovsky,Juraj,Slafkovsky,20,2004-03-30,,L,Forward,MTL
8480018,Nick Suzuki,Nick,Suzuki,25,1999-08-10,,C,Forward,MTL
8482134,Luke Tuch,Luke,Tuch,22,2002-03-07,,L,Forward,MTL
8484403,Florian Xhekaj,Florian,Xhekaj,20,2004-06-27,,L,Forward,MTL
8482111,Justin Barron,Justin,Barron,22,2001-11-15,,D,Defenseman,MTL
8483686,Adam Engstrom,Adam,Engstrom,20,2003-11-17,,D,Defenseman,MTL
8482087,Kaiden Guhle,Kaiden,Guhle,22,2002-01-18,,D,Defenseman,MTL
8483457,Lane Hutson,Lane,Hutson,20,2004-02-14,,D,Defenseman,MTL
8482733,Logan Mailloux,Logan,Mailloux,21,2003-04-15,,D,Defenseman,MTL
8476875,Mike Matheson,Mike,Matheson,30,1994-02-27,,D,Defenseman,MTL
8484220,David Reinbacher,David,Reinbacher,19,2004-10-25,,D,Defenseman,MTL
8475233,David Savard,David,Savard,33,1990-10-22,,D,Defenseman,MTL
8481593,Jayden Struble,Jayden,Struble,23,2001-09-08,,D,Defenseman,MTL
8482806,William Trudeau,William,Trudeau,21,2002-10-11,,D,Defenseman,MTL
8482964,Arber Xhekaj,Arber,Xhekaj,23,2001-01-30,,D,Defenseman,MTL
8484149,Gavin Brindley,Gavin,Brindley,19,2004-10-05,,C,Forward,CBJ
8483045,Cameron Butler,Cameron,Butler,22,2002-06-09,,R,Forward,CBJ
8482475,Yegor Chinakhov,Yegor,Chinakhov,23,2001-02-01,,R,Forward,CBJ
8479941,Justin Danforth,Justin,Danforth,31,1993-03-15,,R,Forward,CBJ
8483432,Luca Del Bel Belluz,Luca,Del Bel Belluz,20,2003-11-10,,C,Forward,CBJ
8483688,Jordan Dumais,Jordan,Dumais,20,2004-04-15,,R,Forward,CBJ
8484166,Adam Fantilli,Adam,Fantilli,19,2004-10-12,,C,Forward,CBJ
8480441,Trey Fix-Wolansky,Trey,Fix-Wolansky,25,1999-05-26,,R,Forward,CBJ
8479580,Dylan Gambrell,Dylan,Gambrell,28,1996-08-26,,C,Forward,CBJ
8476432,Boone Jenner,Boone,Jenner,31,1993-06-15,,C,Forward,CBJ
8482660,Kent Johnson,Kent,Johnson,21,2002-10-18,,C,Forward,CBJ
8476374,Sean Kuraly,Sean,Kuraly,31,1993-01-20,,C,Forward,CBJ
8482744,James Malatesta,James,Malatesta,21,2003-05-31,,L,Forward,CBJ
8480893,Kirill Marchenko,Kirill,Marchenko,24,2000-07-21,,R,Forward,CBJ
8484125,Hunter McKown,Hunter,McKown,22,2002-08-18,,C,Forward,CBJ
8477497,Sean Monahan,Sean,Monahan,29,1994-10-12,,C,Forward,CBJ
8479671,Mathieu Olivier,Mathieu,Olivier,27,1997-02-11,,R,Forward,CBJ
8484214,Luca Pinelli,Luca,Pinelli,19,2005-04-05,,C,Forward,CBJ
8482451,Mikael Pyyhtia,Mikael,Pyyhtia,22,2001-12-17,,L,Forward,CBJ
8482705,Cole Sillinger,Cole,Sillinger,21,2003-05-16,,C,Forward,CBJ
8483538,Owen Sillinger,Owen,Sillinger,27,1997-09-23,,C,Forward,CBJ
8474037,James van Riemsdyk,James,van Riemsdyk,35,1989-05-04,,L,Forward,CBJ
8481716,Dmitri Voronkov,Dmitri,Voronkov,24,2000-09-10,,L,Forward,CBJ
8482453,Ole Julian Bjorgvik-Holm,Ole Julian,Bjorgvik-Holm,22,2002-05-23,,D,Defenseman,CBJ
8482678,Corson Ceulemans,Corson,Ceulemans,21,2003-05-05,,D,Defenseman,CBJ
8481161,Jake Christiansen,Jake,Christiansen,25,1999-09-12,,D,Defenseman,CBJ
8482839,Cole Clayton,Cole,Clayton,24,2000-02-29,,D,Defenseman,CBJ
8475790,Erik Gudbranson,Erik,Gudbranson,32,1992-01-07,,D,Defenseman,CBJ
8480887,Jordan Harris,Jordan,Harris,24,2000-07-07,,D,Defenseman,CBJ
8483460,David Jiricek,David,Jiricek,20,2003-11-28,,D,Defenseman,CBJ
8471677,Jack Johnson,Jack,Johnson,37,1987-01-13,,D,Defenseman,CBJ
8482448,Samuel Knazko,Samuel,Knazko,22,2002-08-07,,D,Defenseman,CBJ
8483485,Denton Mateychuk,Denton,Mateychuk,20,2004-07-12,,D,Defenseman,CBJ
8478500,Ivan Provorov,Ivan,Provorov,27,1997-01-13,,D,Defenseman,CBJ
8476923,Damon Severson,Damon,Severson,30,1994-08-07,,D,Defenseman,CBJ
8482711,Stanislav Svozil,Stanislav,Svozil,21,2003-01-17,,D,Defenseman,CBJ
8478460,Zach Werenski,Zach,Werenski,27,1997-07-19,,D,Defenseman,CBJ
8484153,Leo Carlsson,Leo,Carlsson,19,2004-12-26,,C,Forward,ANA
8481538,Judd Caulfield,Judd,Caulfield,23,2001-03-19,,R,Forward,ANA
8482118,Sam Colangelo,Sam,Colangelo,22,2001-12-26,,R,Forward,ANA
8477952,Robby Fabbri,Robby,Fabbri,28,1996-01-22,,C,Forward,ANA
8483444,Nathan Gaucher,Nathan,Gaucher,20,2003-11-06,,C,Forward,ANA
8483445,Cutter Gauthier,Cutter,Gauthier,20,2004-01-19,,L,Forward,ANA
8478424,Jansen Harkins,Jansen,Harkins,27,1997-05-23,,C,Forward,ANA
8477527,Ross Johnston,Ross,Johnston,30,1994-02-18,,L,Forward,ANA
8473986,Alex Killorn,Alex,Killorn,35,1989-09-14,,L,Forward,ANA
8481517,Brett Leason,Brett,Leason,25,1999-04-30,,R,Forward,ANA
8482925,Josh Lopina,Josh,Lopina,23,2001-02-16,,C,Forward,ANA
8480806,Isac Lundestrom,Isac,Lundestrom,24,1999-11-06,,C,Forward,ANA
8476934,Brock McGinn,Brock,McGinn,30,1994-02-02,,L,Forward,ANA
8482745,Mason McTavish,Mason,McTavish,21,2003-01-30,,C,Forward,ANA
8480292,Carson Meyer,Carson,Meyer,27,1997-08-18,,R,Forward,ANA
8484201,Nico Myatovic,Nico,Myatovic,19,2004-12-01,,L,Forward,ANA
8482136,Jan Mysak,Jan,Mysak,22,2002-06-24,,C,Forward,ANA
8481754,Nikita Nesterenko,Nikita,Nesterenko,23,2001-09-10,,C,Forward,ANA
8482682,Sasha Pastujov,Sasha,Pastujov,21,2003-07-15,,R,Forward,ANA
8484216,Coulson Pitre,Coulson,Pitre,19,2004-12-13,,R,Forward,ANA
8483630,Pavol Regenda,Pavol,Regenda,24,1999-12-07,,L,Forward,ANA
8484762,Beckett Sennecke,Beckett,Sennecke,18,2006-01-28,,R,Forward,ANA
8484396,Yegor Sidorov,Yegor,Sidorov,20,2004-06-18,,R,Forward,ANA
8476458,Ryan Strome,Ryan,Strome,31,1993-07-11,,C,Forward,ANA
8478873,Troy Terry,Troy,Terry,27,1997-09-10,,R,Forward,ANA
8478366,Frank Vatrano,Frank,Vatrano,30,1994-03-14,,R,Forward,ANA
8484110,Jaxsen Wiebe,Jaxsen,Wiebe,22,2002-05-16,,R,Forward,ANA
8481533,Trevor Zegras,Trevor,Zegras,23,2001-03-20,,C,Forward,ANA
8484414,Rodwin Dionicio,Rodwin,Dionicio,20,2004-03-30,,D,Defenseman,ANA
8475208,Brian Dumoulin,Brian,Dumoulin,33,1991-09-06,,D,Defenseman,ANA
8475764,Cam Fowler,Cam,Fowler,32,1991-12-05,,D,Defenseman,ANA
8475462,Radko Gudas,Radko,Gudas,34,1990-06-05,,D,Defenseman,ANA
8481563,Drew Helleson,Drew,Helleson,23,2001-03-26,,D,Defenseman,ANA
8482731,Tyson Hinds,Tyson,Hinds,21,2003-03-12,,D,Defenseman,ANA
8481605,Jackson LaCombe,Jackson,LaCombe,23,2001-01-09,,D,Defenseman,ANA
8483482,Tristan Luneau,Tristan,Luneau,20,2004-01-12,,D,Defenseman,ANA
8483490,Pavel Mintyukov,Pavel,Mintyukov,20,2003-11-25,,D,Defenseman,ANA
8480001,Urho Vaakanainen,Urho,Vaakanainen,25,1999-01-01,,D,Defenseman,ANA
8483521,Noah Warren,Noah,Warren,20,2004-07-15,,D,Defenseman,ANA
8482803,Olen Zellweger,Olen,Zellweger,21,2003-09-10,,D,Defenseman,ANA
8479315,Joey Anderson,Joey,Anderson,26,1998-06-19,,R,Forward,CHI
8476960,Andreas Athanasiou,Andreas,Athanasiou,30,1994-08-06,,C,Forward,CHI
8484144,Connor Bedard,Connor,Bedard,19,2005-07-17,,C,Forward,CHI
8477479,Tyler Bertuzzi,Tyler,Bertuzzi,29,1995-02-24,,L,Forward,CHI
8482703,Colton Dach,Colton,Dach,21,2003-01-04,,C,Forward,CHI
8477450,Jason Dickinson,Jason,Dickinson,29,1995-07-04,,C,Forward,CHI
8477987,Ryan Donato,Ryan,Donato,28,1996-04-09,,C,Forward,CHI
8473422,Nick Foligno,Nick,Foligno,36,1987-10-31,,L,Forward,CHI
8480252,Cole Guttman,Cole,Guttman,25,1999-04-06,,C,Forward,CHI
8475791,Taylor Hall,Taylor,Hall,32,1991-11-14,,L,Forward,CHI
8483453,Gavin Hayes,Gavin,Hayes,20,2004-05-14,,L,Forward,CHI
8480798,Philipp Kurashev,Philipp,Kurashev,24,1999-10-12,,C,Forward,CHI
8484185,Nick Lardis,Nick,Lardis,19,2005-07-08,,L,Forward,CHI
8483480,Paul Ludwinski,Paul,Ludwinski,20,2004-04-23,,C,Forward,CHI
8482903,Jalen Luypen,Jalen,Luypen,22,2002-06-28,,C,Forward,CHI
8474034,Patrick Maroon,Patrick,Maroon,36,1988-04-23,,L,Forward,CHI
8481624,Ilya Mikheyev,Ilya,Mikheyev,29,1994-10-10,,R,Forward,CHI
8483493,Frank Nazar,Frank,Nazar,20,2004-01-14,,C,Forward,CHI
8482117,Lukas Reichel,Lukas,Reichel,22,2002-05-17,,L,Forward,CHI
8482082,Ryder Rolston,Ryder,Rolston,22,2001-10-31,,R,Forward,CHI
8477482,Zachary Sanford,Zachary,Sanford,29,1994-11-09,,L,Forward,CHI
8483677,Samuel Savoie,Samuel,Savoie,20,2004-03-25,,L,Forward,CHI
8478881,Brett Seney,Brett,Seney,28,1996-02-28,,L,Forward,CHI
8482172,Landon Slaggert,Landon,Slaggert,22,2002-06-25,,L,Forward,CHI
8475225,Craig Smith,Craig,Smith,35,1989-09-05,,C,Forward,CHI
8476882,Teuvo Teravainen,Teuvo,Teravainen,30,1994-09-11,,C,Forward,CHI
8482700,Nolan Allan,Nolan,Allan,21,2003-04-28,,D,Defenseman,CHI
8474673,TJ Brodie,TJ,Brodie,34,1990-06-07,,D,Defenseman,CHI
8481806,Louis Crevier,Louis,Crevier,23,2001-05-04,,D,Defenseman,CHI
8482807,Ethan Del Mastro,Ethan,Del Mastro,21,2003-01-15,,D,Defenseman,CHI
8477495,Seth Jones,Seth,Jones,29,1994-10-03,,D,Defenseman,CHI
8482176,Wyatt Kaiser,Wyatt,Kaiser,22,2002-07-31,,D,Defenseman,CHI
8483466,Kevin Korchinski,Kevin,Korchinski,20,2004-06-21,,D,Defenseman,CHI
8484783,Artyom Levshunov,Artyom,Levshunov,18,2005-10-28,,D,Defenseman,CHI
8474166,Alec Martinez,Alec,Martinez,37,1987-07-26,,D,Defenseman,CHI
8476473,Connor Murphy,Connor,Murphy,31,1993-03-26,,D,Defenseman,CHI
8482192,Isaak Phillips,Isaak,Phillips,22,2001-09-28,,D,Defenseman,CHI
8481568,Alex Vlasic,Alex,Vlasic,23,2001-06-05,,D,Defenseman,CHI
8477473,Justin Bailey,Justin,Bailey,29,1995-07-01,,R,Forward,SJS
8482133,Thomas Bordeleau,Thomas,Bordeleau,22,2002-01-03,,C,Forward,SJS
8483428,Filip Bystedt,Filip,Bystedt,20,2004-02-04,,C,Forward,SJS
8482206,Ethan Cardwell,Ethan,Cardwell,22,2002-08-30,,R,Forward,SJS
8484801,Macklin Celebrini,Macklin,Celebrini,18,2006-06-13,,C,Forward,SJS
8484994,Igor Chernyshov,Igor,Chernyshov,18,2005-11-30,,L,Forward,SJS
8482086,Brandon Coe,Brandon,Coe,22,2001-12-01,,R,Forward,SJS
8474053,Logan Couture,Logan,Couture,35,1989-03-28,,C,Forward,SJS
8480848,Ty Dellandrea,Ty,Dellandrea,24,2000-07-21,,C,Forward,SJS
8482667,William Eklund,William,Eklund,21,2002-10-12,,L,Forward,SJS
8476624,Barclay Goodrow,Barclay,Goodrow,31,1993-02-26,,R,Forward,SJS
8484911,Collin Graf,Collin,Graf,22,2002-09-21,,R,Forward,SJS
8475798,Mikael Granlund,Mikael,Granlund,32,1992-02-26,,C,Forward,SJS
8479336,Carl Grundstrom,Carl,Grundstrom,26,1997-12-01,,R,Forward,SJS
8482101,Danil Gushchin,Danil,Gushchin,22,2002-02-06,,L,Forward,SJS
8484176,Kasper Halttunen,Kasper,Halttunen,19,2005-06-07,,R,Forward,SJS
8480011,Klim Kostin,Klim,Kostin,25,1999-05-05,,C,Forward,SJS
8479316,Luke Kunin,Luke,Kunin,26,1997-12-04,,C,Forward,SJS
8484200,Quentin Musty,Quentin,Musty,19,2005-07-06,,L,Forward,SJS
8479249,Andrew Poturalski,Andrew,Poturalski,30,1994-01-14,,C,Forward,SJS
8482181,Tristen Robins,Tristen,Robins,22,2001-11-15,,C,Forward,SJS
8483618,Mitchell Russell,Mitchell,Russell,23,2001-03-06,,R,Forward,SJS
8477149,Scott Sabourin,Scott,Sabourin,32,1992-07-30,,R,Forward,SJS
8479379,Givani Smith,Givani,Smith,26,1998-02-27,,R,Forward,SJS
8484227,Will Smith,Will,Smith,19,2005-03-17,,C,Forward,SJS
8481477,Nico Sturm,Nico,Sturm,29,1995-05-03,,C,Forward,SJS
8475726,Tyler Toffoli,Tyler,Toffoli,32,1992-04-24,,C,Forward,SJS
8477505,Alexander Wennberg,Alexander,Wennberg,30,1994-09-22,,C,Forward,SJS
8480188,Fabian Zetterlund,Fabian,Zetterlund,25,1999-08-25,,L,Forward,SJS
8476988,Matt Benning,Matt,Benning,30,1994-05-25,,D,Defenseman,SJS
8484152,Luca Cagnoni,Luca,Cagnoni,19,2004-12-21,,D,Defenseman,SJS
8479523,Lucas Carlsson,Lucas,Carlsson,27,1997-07-05,,D,Defenseman,SJS
8476879,Cody Ceci,Cody,Ceci,30,1993-12-21,,D,Defenseman,SJS
8484806,Sam Dickinson,Sam,Dickinson,18,2006-06-07,,D,Defenseman,SJS
8479983,Mario Ferraro,Mario,Ferraro,26,1998-09-17,,D,Defenseman,SJS
8483745,Jake Furlong,Jake,Furlong,20,2004-03-04,,D,Defenseman,SJS
8482934,Artem Guryev,Artem,Guryev,21,2003-05-17,,D,Defenseman,SJS
8482166,Shakir Mukhamadullin,Shakir,Mukhamadullin,22,2002-01-10,,D,Defenseman,SJS
8484313,Valtteri Pulli,Valtteri,Pulli,23,2001-03-13,,D,Defenseman,SJS
8480172,Jan Rutta,Jan,Rutta,34,1990-07-29,,D,Defenseman,SJS
8481486,Jimmy Schuldt,Jimmy,Schuldt,29,1995-05-11,,D,Defenseman,SJS
8482144,Jack Thompson,Jack,Thompson,22,2002-03-19,,D,Defenseman,SJS
8481567,Henry Thrun,Henry,Thrun,23,2001-03-12,,D,Defenseman,SJS
8471709,Marc-Edouard Vlasic,Marc-Edouard,Vlasic,37,1987-03-30,,D,Defenseman,SJS
8478013,Jake Walman,Jake,Walman,28,1996-02-20,,D,Defenseman,SJS
